"NOMBRE","07-14_901","07-14_900","07-14_899","07-14_898","07-14_897","07-14_896","07-14_895","07-14_894","07-14_893","07-14_892","07-14_891","07-14_890","07-14_889","07-14_888","07-14_887","07-14_886","07-14_885","07-14_884","07-14_883","07-14_882","07-14_881","07-14_880","07-14_879","07-14_878","07-14_877","07-14_876","07-15_931","07-15_930","07-15_929","07-15_928","07-15_927","07-15_932","07-15_926","07-15_925","07-15_924","07-15_923","07-15_922","07-15_920","07-15_918","07-15_917","07-21_1002","07-21_1001","07-21_1000","07-21_999","07-21_998","07-21_997","07-21_996","07-21_994","07-21_993","07-21_992","07-21_991","07-21_990","07-21_988","07-21_987","07-21_986","07-21_985","07-21_984","07-21_983","07-21_982","07-21_981","07-21_980","07-21_979","07-21_978","07-21_977","07-21_976","07-21_975","07-21_974","07-21_972","07-21_971","07-21_970","07-21_969","07-21_968","07-21_967","07-21_966","07-21_965","07-21_964","07-21_963","07-21_962","07-21_961","07-21_959","07-21_958","07-21_957","07-21_956","07-21_955","07-21_954","07-21_952","07-21_951","07-21_950","07-21_949","07-21_948","07-21_947","07-21_946","07-21_945","07-21_944","07-21_943","07-21_942","07-21_941","07-27_1023","07-27_1022","07-27_1021","07-27_1020","07-27_1019","07-27_1018","07-27_1017","07-27_1016","07-27_1015","07-27_1014","07-27_1013","07-27_1012","08-03_1031","08-03_1030","08-03_1029","08-10_1037","08-10_1036","08-12_1071","08-12_1070","08-12_1069","08-12_1068","08-12_1067","08-12_1066","08-12_1065","08-12_1064","08-12_1063","08-12_1062","08-12_1061","08-12_1060","08-12_1059","08-12_1058","08-12_1057","08-12_1056","08-12_1055","08-12_1054","08-12_1053","08-12_1052","08-12_1051","08-12_1050","08-12_1049","08-12_1048","08-12_1047","08-12_1046","08-12_1045","08-12_1044","08-12_1043","08-12_1042","08-12_1041"
"Abarca González, Damaris",1,1,1,-1,1,-1,0,1,1,1,1,1,-1,0,1,1,-1,0,1,-1,1,1,-1,-1,-1,1,-1,0,-1,0,1,0,0,0,1,1,1,1,1,1,1,1,-1,1,1,1,1,1,1,-1,1,-1,1,-1,-1,1,-1,1,1,-1,1,-1,-1,-1,1,-1,1,1,1,1,-1,-1,-1,-1,-1,1,1,1,1,1,1,-1,1,-1,1,1,1,-1,-1,1,1,1,1,1,1,1,-1,-1,-1,-1,1,1,1,1,1,1,-1,-1,1,1,1,1,1,1,1,-1,1,1,-1,-1,-1,-1,1,1,-1,-1,-1,1,-1,-1,1,1,-1,-1,-1,-1,1,-1,1,1,1,1,1,-1,1
"Abarca Riveros, Jorge",1,1,-1,1,1,-1,1,-1,1,1,1,1,-1,-1,-1,1,-1,-1,1,1,-1,-1,-1,1,-1,1,-1,0,-1,0,0,0,0,0,1,1,1,1,1,1,1,1,-1,0,1,1,1,9,1,-1,0,-1,1,0,0,1,0,1,1,0,1,0,0,-1,1,-1,1,1,1,1,-1,-1,-1,-1,-1,1,1,1,1,1,1,1,1,-1,1,1,-1,-1,0,1,0,1,1,1,1,1,-1,-1,-1,-1,-1,-1,1,-1,-1,0,-1,-1,1,1,1,1,1,1,1,-1,1,1,-1,1,-1,-1,1,1,-1,-1,-1,1,-1,1,-1,-1,-1,-1,-1,-1,-1,-1,1,1,1,1,1,-1,-1
"Achurra Díaz, Ignacio",1,1,1,1,1,-1,1,1,9,-1,1,1,-1,1,1,1,-1,-1,1,-1,1,1,-1,-1,-1,1,-1,0,-1,0,0,0,0,0,1,1,1,1,1,1,1,1,-1,1,1,1,1,1,1,-1,1,-1,1,-1,-1,1,-1,1,1,-1,1,-1,-1,-1,1,-1,1,1,1,1,-1,-1,-1,-1,-1,1,0,1,1,1,1,-1,1,-1,1,1,1,-1,-1,1,1,1,1,1,1,1,-1,-1,-1,-1,1,1,1,1,1,1,-1,-1,1,1,1,1,1,1,1,-1,1,1,-1,-1,-1,-1,1,1,-1,-1,-1,1,-1,-1,1,1,-1,-1,-1,-1,1,-1,1,1,1,1,1,-1,1
"Aguilera Hey, Tiare",1,1,-1,1,1,-1,1,-1,1,1,-1,1,-1,1,-1,-1,-1,-1,-1,-1,1,-1,1,1,-1,1,-1,1,-1,1,0,0,0,0,1,1,1,1,1,1,1,1,-1,-1,-1,1,1,1,1,-1,-1,-1,1,0,0,0,1,1,1,1,1,0,0,0,1,-1,1,1,1,1,-1,-1,-1,-1,1,1,1,1,1,1,1,0,1,-1,1,1,1,-1,1,1,1,1,1,1,1,1,-1,1,-1,-1,1,1,1,1,1,1,1,1,1,1,1,1,1,1,1,-1,1,0,-1,-1,-1,-1,1,1,-1,1,0,1,-1,1,-1,-1,-1,1,1,-1,1,-1,1,-1,1,1,1,1,1
"Alvarado Jorquera, Gloria",1,1,-1,1,1,-1,1,-1,1,1,0,1,1,1,-1,-1,-1,-1,-1,-1,1,-1,1,1,-1,1,-1,0,-1,0,-1,-1,-1,1,1,1,1,1,1,1,1,1,-1,-1,-1,1,1,1,1,-1,-1,-1,1,1,1,-1,1,1,1,1,1,1,-1,-1,1,-1,1,1,1,1,-1,-1,-1,-1,-1,1,-1,1,1,1,1,-1,1,-1,1,1,1,-1,1,0,1,1,1,1,1,1,-1,1,1,1,1,1,1,1,1,1,1,1,1,1,1,1,1,1,1,-1,1,-1,-1,1,-1,-1,1,-1,-1,1,0,1,-1,-1,1,1,-1,-1,-1,-1,1,-1,1,1,1,1,1,1,1
"Alvarez Pinto, Julio",9,9,-1,1,1,-1,1,-1,1,1,1,-1,-1,-1,1,-1,-1,-1,1,-1,1,1,-1,-1,-1,1,-1,0,-1,0,0,0,-1,0,1,1,1,1,1,1,1,1,-1,1,1,1,1,1,1,-1,1,-1,1,-1,-1,1,-1,1,-1,-1,1,-1,-1,-1,1,-1,1,1,-1,1,-1,-1,-1,-1,-1,-1,1,1,1,1,1,1,1,-1,1,1,1,-1,-1,1,-1,1,1,1,-1,1,9,-1,-1,1,1,1,1,-1,-1,1,-1,1,1,1,1,1,1,1,1,-1,1,-1,-1,-1,-1,-1,1,1,-1,-1,1,1,-1,1,0,0,-1,-1,1,-1,1,-1,1,1,1,1,1,1,1
"Alvarez Zenteno, Rodrigo",-1,-1,-1,-1,1,1,-1,-1,1,-1,0,-1,-1,-1,0,0,1,1,1,1,-1,0,-1,-1,1,1,1,-1,-1,0,0,-1,0,1,1,-1,1,1,1,1,0,0,1,0,1,0,1,1,0,1,0,1,-1,-1,9,9,-1,-1,0,1,-1,-1,0,0,-1,1,0,-1,1,0,1,1,1,1,1,-1,1,1,1,-1,1,9,1,1,-1,0,0,1,-1,1,-1,0,1,-1,1,-1,1,1,-1,-1,1,-1,0,-1,-1,0,-1,-1,1,1,1,1,-1,1,1,1,-1,1,1,1,1,1,1,1,1,-1,1,1,1,-1,1,1,1,1,1,1,-1,1,1,-1,-1,-1,1,1,-1
"Alvez Marín, Amaya",1,1,1,1,1,-1,0,1,1,1,1,1,-1,0,1,1,-1,1,1,-1,1,1,-1,-1,-1,1,-1,0,-1,0,1,0,0,1,1,1,1,1,1,1,1,1,-1,1,1,1,1,1,1,-1,1,-1,1,-1,-1,1,-1,1,1,-1,1,-1,-1,-1,1,-1,1,1,1,1,-1,-1,-1,-1,-1,1,0,1,1,1,1,0,1,-1,1,1,1,-1,-1,1,1,1,1,1,1,1,-1,-1,-1,-1,1,1,1,1,1,1,-1,-1,1,1,1,1,1,1,1,-1,1,1,-1,-1,-1,-1,1,1,-1,-1,-1,1,-1,-1,1,1,-1,-1,-1,-1,1,-1,1,1,1,1,1,-1,9
"Ampuero Barrientos, Adriana",1,1,-1,1,1,-1,1,-1,1,1,-1,1,1,1,-1,-1,-1,-1,1,-1,1,-1,1,1,-1,1,-1,-1,-1,-1,0,-1,-1,0,1,1,1,1,1,1,1,1,-1,-1,-1,1,1,1,1,-1,-1,-1,1,1,1,-1,1,1,1,1,1,1,-1,-1,1,-1,1,1,1,1,-1,-1,-1,-1,-1,1,0,1,1,1,1,-1,1,-1,1,1,1,-1,1,-1,1,1,1,1,1,1,-1,1,1,1,1,1,1,1,1,1,1,1,-1,1,1,-1,1,1,-1,-1,1,-1,-1,1,-1,-1,1,-1,-1,1,0,1,-1,-1,1,-1,-1,-1,1,-1,1,-1,1,1,1,1,1,1,1
"Andrade León, Cristóbal",1,1,-1,1,1,-1,1,-1,1,1,-1,1,1,1,-1,-1,-1,-1,-1,-1,1,-1,1,1,-1,1,-1,1,-1,-1,-1,-1,-1,1,1,1,1,1,1,1,1,1,-1,-1,1,1,1,1,1,-1,-1,-1,1,1,1,-1,1,1,1,1,1,1,-1,-1,1,-1,1,1,1,1,-1,-1,-1,-1,-1,1,-1,1,1,1,1,-1,1,-1,1,1,1,-1,1,-1,1,1,1,1,1,1,-1,1,1,1,1,1,-1,1,1,1,1,1,1,1,1,-1,1,1,1,-1,1,-1,-1,-1,-1,-1,1,-1,-1,-1,-1,1,-1,-1,1,-1,-1,-1,1,-1,1,-1,1,1,1,1,1,1,1
"Galleguillos Aymani, Félix",1,1,1,1,1,-1,1,-1,1,1,-1,1,1,1,-1,-1,-1,-1,1,-1,1,-1,1,1,-1,1,-1,1,9,1,1,1,1,1,1,1,1,1,1,1,1,1,0,1,-1,1,1,1,1,-1,-1,-1,1,1,1,0,1,0,1,1,1,1,0,-1,1,0,1,1,1,1,-1,-1,-1,-1,-1,1,1,1,1,1,1,-1,1,-1,1,1,1,-1,1,-1,1,1,1,1,1,1,-1,1,1,1,1,1,1,1,1,1,1,1,1,1,1,1,1,1,1,-1,1,-1,-1,-1,-1,-1,1,0,-1,1,1,1,-1,-1,1,-1,-1,-1,-1,-1,1,-1,1,1,1,1,1,1,1
"Arancibia Reyes, Jorge",-1,-1,9,-1,1,1,-1,-1,1,-1,1,-1,-1,-1,0,0,1,1,1,1,-1,0,-1,-1,1,1,1,-1,-1,-1,-1,-1,-1,-1,1,-1,-1,1,1,1,9,9,9,9,9,9,9,9,9,9,9,9,9,9,9,9,9,9,9,-1,0,9,9,9,9,9,9,9,9,9,9,9,9,9,9,9,9,9,9,1,-1,1,1,1,0,0,-1,1,-1,1,-1,-1,1,-1,-1,-1,1,1,-1,-1,1,-1,0,-1,-1,0,-1,-1,1,1,1,1,-1,1,1,1,-1,1,1,1,1,1,1,1,1,1,1,1,1,-1,1,-1,1,1,1,1,1,1,1,-1,-1,-1,-1,1,-1
"Arauna Urrutia, Francisca",1,1,-1,1,1,-1,1,-1,1,1,-1,1,1,1,-1,-1,-1,-1,-1,-1,1,-1,1,1,-1,1,-1,1,-1,0,0,1,-1,1,1,1,1,1,1,1,1,1,-1,-1,-1,1,1,1,1,-1,-1,-1,-1,1,1,-1,1,1,1,1,-1,1,-1,-1,1,-1,1,1,1,1,-1,-1,-1,-1,-1,1,1,1,1,1,1,-1,1,-1,1,1,1,-1,-1,-1,1,1,1,1,1,1,-1,1,1,1,1,1,1,1,1,1,1,1,1,1,1,-1,1,1,-1,-1,1,-1,-1,1,-1,-1,1,-1,-1,-1,-1,1,-1,-1,1,-1,-1,1,1,-1,1,-1,1,1,1,1,1,1,-1
"Arellano Ortega, Marco",1,1,-1,1,1,-1,1,-1,1,1,-1,1,1,1,-1,-1,-1,-1,-1,-1,1,-1,1,1,-1,1,-1,1,-1,1,1,-1,0,1,1,1,1,1,1,1,1,1,-1,-1,-1,1,1,1,1,-1,-1,-1,1,1,1,-1,1,1,1,1,1,1,-1,-1,1,-1,1,1,1,1,-1,-1,-1,-1,-1,1,-1,1,1,1,1,-1,1,-1,0,-1,1,-1,-1,-1,1,1,1,1,1,1,-1,1,1,1,1,1,1,1,1,1,1,1,1,1,1,-1,-1,1,1,1,1,-1,-1,1,-1,-1,1,1,1,1,1,1,-1,-1,1,-1,-1,1,1,-1,1,-1,1,1,1,1,1,1,-1
"Arrau García-Huidobro, Martín",-1,-1,-1,-1,1,1,-1,-1,1,-1,1,-1,-1,-1,0,0,1,1,1,1,-1,-1,-1,-1,1,1,1,-1,-1,-1,-1,1,-1,-1,1,-1,-1,1,1,-1,-1,-1,1,-1,-1,9,1,0,9,1,-1,-1,-1,-1,-1,0,-1,-1,-1,1,-1,-1,9,-1,-1,1,0,-1,1,-1,1,1,1,1,9,-1,1,1,1,-1,1,1,1,1,-1,-1,9,1,-1,-1,-1,-1,1,-1,1,-1,1,1,-1,-1,-1,-1,0,-1,-1,-1,-1,-1,1,1,1,1,-1,1,1,1,-1,1,1,1,1,1,1,1,1,-1,1,1,1,-1,1,1,1,1,0,1,-1,1,1,-1,-1,-1,1,1,-1
"Atria Lemaitre, Fernando",1,-1,1,1,1,-1,1,1,1,-1,1,1,-1,1,1,1,-1,-1,1,-1,1,1,-1,-1,-1,1,-1,0,-1,0,0,0,0,0,1,1,1,1,1,1,-1,1,-1,1,1,1,1,1,1,-1,1,-1,1,-1,-1,1,-1,1,1,-1,1,-1,-1,-1,1,-1,1,1,1,1,-1,-1,-1,-1,-1,1,-1,1,1,1,1,-1,1,-1,1,1,-1,-1,-1,1,-1,1,1,1,1,1,-1,-1,-1,-1,1,1,1,1,1,1,-1,-1,1,1,1,1,1,1,1,-1,1,1,-1,-1,-1,-1,1,1,-1,-1,-1,1,-1,-1,1,1,-1,-1,-1,-1,1,-1,1,1,1,1,1,-1,1
"Bacian Delgado, Wilfredo",1,1,-1,1,1,-1,1,-1,1,1,-1,1,1,1,-1,-1,-1,-1,1,-1,1,-1,1,1,-1,1,-1,1,-1,1,1,0,0,1,1,1,1,1,1,1,1,1,-1,-1,1,1,1,1,1,-1,1,-1,-1,1,1,-1,1,1,1,1,-1,1,-1,-1,1,-1,1,1,1,1,-1,-1,-1,-1,-1,1,-1,1,1,1,1,-1,1,-1,1,-1,1,-1,1,-1,1,1,1,1,1,1,-1,1,1,1,1,1,1,1,1,1,1,1,1,1,1,1,1,1,1,-1,1,-1,-1,-1,-1,-1,1,-1,-1,-1,-1,1,-1,-1,-1,-1,-1,-1,-1,-1,1,-1,1,1,1,1,1,1,1
"Baradit Morales, Jorge",1,1,1,1,1,-1,1,-1,1,1,1,1,-1,-1,1,-1,-1,-1,-1,-1,-1,1,-1,-1,-1,1,0,0,0,0,0,1,0,0,1,1,1,1,1,1,1,1,-1,1,1,1,1,1,1,-1,1,-1,1,-1,-1,1,-1,1,1,-1,1,-1,-1,-1,1,-1,1,1,-1,1,-1,-1,-1,-1,-1,1,1,1,1,1,-1,1,1,-1,1,1,1,-1,-1,1,-1,1,1,1,-1,1,1,-1,-1,1,1,1,1,-1,-1,-1,-1,-1,1,1,1,1,1,1,1,-1,1,-1,-1,-1,-1,-1,1,1,-1,-1,1,1,-1,-1,1,1,-1,-1,-1,-1,1,-1,1,0,1,1,1,1,1
"Baranda Ferrán, Benito",1,1,9,1,1,-1,1,-1,1,1,1,1,-1,-1,-1,9,-1,-1,1,1,-1,-1,-1,1,-1,1,0,1,-1,0,0,1,0,0,1,1,1,1,1,1,1,1,-1,-1,1,1,1,1,1,-1,1,-1,1,-1,-1,1,-1,1,1,-1,1,-1,-1,-1,1,-1,1,1,1,1,-1,-1,-1,-1,9,1,1,1,1,1,0,1,1,-1,1,1,0,-1,-1,1,0,1,1,0,0,1,1,1,-1,1,1,-1,1,-1,-1,1,-1,0,1,1,1,1,1,1,1,1,1,-1,-1,1,-1,-1,1,1,-1,1,1,-1,-1,1,-1,-1,-1,1,1,-1,1,-1,1,1,1,1,1,1,-1
"Barceló Amado, Luis",1,1,1,-1,-1,1,1,1,1,-1,1,-1,-1,1,1,1,-1,1,1,1,-1,-1,-1,1,-1,1,-1,-1,1,-1,-1,1,0,0,1,0,1,1,1,1,0,0,0,0,0,0,1,1,1,0,1,1,1,0,0,1,0,0,0,0,1,1,1,-1,0,1,1,1,1,1,1,0,-1,-1,-1,1,1,-1,1,1,-1,1,1,-1,1,1,1,-1,-1,1,-1,1,1,0,1,-1,1,1,-1,-1,1,1,1,-1,1,-1,-1,-1,1,1,1,1,1,1,1,-1,1,1,-1,1,-1,-1,1,1,-1,1,1,1,-1,1,-1,-1,-1,1,1,-1,1,-1,1,1,1,-1,1,1,-1
"Barraza Gómez, Marcos",1,1,1,-1,1,-1,-1,-1,1,1,-1,1,1,1,-1,-1,-1,-1,-1,-1,1,-1,1,1,-1,1,-1,0,-1,0,0,-1,-1,1,1,1,1,1,1,1,1,1,-1,1,1,1,1,1,1,-1,1,-1,1,1,1,1,1,1,1,1,-1,1,1,-1,1,-1,1,1,1,1,-1,-1,-1,-1,-1,1,-1,1,1,1,1,-1,-1,-1,1,-1,1,-1,1,-1,1,1,1,1,1,1,-1,1,1,1,1,1,1,1,1,1,1,1,1,1,1,1,1,1,1,-1,1,1,-1,1,-1,-1,1,1,-1,1,-1,1,-1,-1,-1,-1,-1,-1,-1,-1,1,-1,1,1,1,1,1,1,1
"Bassa Mercado, Jaime",1,1,1,1,1,-1,1,0,1,1,0,1,-1,1,0,1,-1,-1,1,-1,1,1,-1,-1,-1,1,-1,0,-1,0,0,0,0,0,1,1,1,1,1,1,1,1,-1,1,1,1,1,1,1,-1,1,-1,1,-1,-1,1,-1,1,1,-1,1,-1,-1,-1,1,-1,1,1,1,1,-1,-1,-1,-1,-1,1,9,1,1,1,1,-1,1,-1,1,1,1,-1,-1,1,-1,1,1,1,1,1,-1,-1,-1,-1,1,1,1,1,1,1,-1,-1,1,1,1,1,1,1,1,-1,1,1,-1,-1,-1,-1,1,1,-1,-1,-1,1,-1,-1,1,1,-1,-1,-1,-1,1,-1,1,1,1,1,1,-1,1
"Botto Salinas, Miguel Ángel",1,1,-1,1,1,-1,1,-1,1,1,1,1,-1,-1,-1,0,-1,-1,1,1,-1,-1,-1,1,-1,1,9,9,9,9,0,1,0,0,1,0,1,1,1,1,9,9,9,9,9,9,9,1,0,-1,1,1,1,-1,-1,1,-1,1,1,-1,1,-1,-1,-1,1,0,1,1,1,1,9,0,-1,-1,-1,-1,1,1,1,1,-1,1,9,-1,1,1,0,0,0,1,-1,-1,1,1,1,-1,1,-1,0,-1,1,-1,1,-1,-1,1,-1,-1,1,1,1,1,1,1,1,0,1,0,-1,-1,-1,-1,-1,1,1,1,-1,-1,-1,1,-1,1,-1,1,-1,-1,-1,-1,-1,-1,-1,-1,-1,1,-1
"Bown Sepúlveda, Carol",-1,-1,9,-1,1,1,-1,-1,1,-1,1,-1,-1,-1,0,0,1,1,1,1,-1,0,-1,-1,1,1,1,-1,-1,-1,-1,-1,0,-1,1,-1,1,1,1,1,-1,-1,1,-1,1,-1,1,1,-1,1,-1,1,-1,-1,-1,0,-1,-1,-1,1,-1,-1,0,-1,-1,1,1,-1,1,-1,1,1,1,1,1,-1,1,1,1,-1,0,1,1,1,0,-1,-1,1,-1,1,-1,-1,1,-1,1,-1,1,1,-1,-1,1,-1,0,-1,-1,-1,-1,-1,1,1,1,1,-1,1,1,1,-1,1,1,1,1,1,1,1,1,-1,1,1,1,-1,1,1,1,1,1,1,-1,1,1,-1,-1,-1,1,1,-1
"Bravo Silva, Daniel",1,1,-1,1,1,-1,1,-1,1,1,-1,1,1,1,-1,-1,-1,-1,-1,-1,1,-1,1,1,-1,1,-1,-1,-1,-1,-1,-1,-1,1,1,1,1,1,1,1,1,1,-1,-1,1,1,1,1,1,-1,-1,-1,1,1,1,-1,1,1,1,1,1,1,-1,-1,1,-1,1,1,1,1,-1,-1,-1,-1,-1,1,-1,1,1,1,1,-1,1,-1,1,1,1,-1,1,-1,1,1,1,1,1,1,-1,1,1,1,1,1,1,1,1,1,1,1,1,1,1,1,1,1,1,1,1,-1,-1,1,-1,-1,1,-1,-1,-1,-1,1,-1,-1,1,-1,-1,-1,1,-1,1,-1,1,1,1,1,1,1,-1
"Caamaño Rojas, Francisco",1,1,-1,1,1,-1,1,9,1,1,-1,1,1,1,-1,-1,-1,-1,9,-1,1,-1,1,1,-1,1,-1,0,-1,0,0,1,-1,1,1,1,1,1,1,1,1,1,-1,-1,-1,1,1,1,1,-1,-1,-1,1,1,1,1,1,1,1,1,1,1,-1,-1,1,-1,1,1,1,1,-1,-1,-1,-1,-1,1,-1,1,1,1,1,-1,1,-1,1,1,1,-1,1,9,1,1,1,1,1,1,-1,1,1,1,1,1,1,1,1,1,1,1,1,1,1,-1,1,1,1,-1,1,1,-1,-1,-1,-1,1,-1,-1,-1,-1,1,-1,1,1,-1,-1,1,1,-1,1,-1,1,1,1,1,1,1,1
"Antilef Ñanco, Victorino",1,1,-1,1,1,-1,1,-1,-1,1,-1,1,1,1,-1,-1,-1,-1,-1,-1,1,-1,1,1,-1,1,-1,1,-1,1,1,0,0,1,1,1,1,1,1,1,1,1,-1,0,1,1,1,1,1,-1,-1,-1,-1,1,1,0,1,1,1,9,0,1,0,-1,1,-1,1,1,1,1,-1,-1,-1,-1,-1,1,-1,1,1,1,1,-1,1,-1,1,-1,1,-1,1,-1,1,1,1,1,1,1,-1,1,1,1,1,1,1,1,1,1,1,1,1,1,1,1,1,1,1,-1,1,-1,-1,-1,-1,-1,1,-1,-1,1,-1,1,-1,-1,-1,-1,-1,-1,-1,-1,1,-1,1,1,1,1,1,1,1
"Chinga Ferreira, Eric",1,1,-1,1,1,-1,1,-1,1,1,-1,1,1,1,-1,-1,-1,-1,-1,-1,1,-1,1,1,-1,1,-1,1,-1,1,1,0,-1,0,1,1,1,1,1,1,1,1,-1,-1,1,1,1,1,1,-1,-1,-1,-1,1,1,-1,1,1,1,1,-1,1,1,1,1,-1,1,1,1,1,-1,-1,-1,-1,-1,1,-1,1,1,1,1,-1,1,-1,1,0,1,-1,1,-1,1,1,1,1,1,1,-1,1,1,1,1,1,1,1,1,1,1,1,1,1,1,-1,1,1,1,-1,1,1,-1,1,-1,-1,1,-1,-1,-1,-1,1,-1,-1,-1,-1,-1,-1,-1,-1,1,-1,1,1,1,9,1,1,9
"Calvo Muñoz, Carlos",1,-1,-1,1,1,-1,1,-1,1,1,1,1,-1,-1,1,-1,-1,-1,1,-1,1,1,-1,-1,-1,1,9,9,9,9,9,9,9,9,9,9,9,9,9,9,1,1,-1,1,1,1,1,1,1,-1,1,-1,1,-1,-1,1,-1,1,1,-1,1,-1,-1,-1,1,-1,1,1,-1,1,-1,-1,-1,-1,-1,-1,1,1,1,1,1,1,1,-1,1,1,1,-1,-1,1,-1,1,1,1,-1,1,1,-1,-1,1,1,0,1,-1,-1,1,-1,1,1,1,1,1,1,1,1,-1,1,-1,-1,1,-1,-1,1,1,-1,-1,-1,1,-1,-1,1,1,-1,-1,-1,-1,1,-1,1,0,1,1,1,1,1
"Cancino Meneses, Adriana",1,1,-1,1,1,-1,1,-1,1,1,1,1,-1,-1,1,-1,-1,-1,-1,-1,1,-1,-1,-1,-1,1,0,0,-1,0,0,0,0,0,1,1,1,1,1,1,1,1,-1,1,1,1,1,1,1,-1,-1,-1,1,-1,-1,1,-1,1,1,-1,1,-1,-1,-1,1,-1,1,1,-1,1,-1,-1,-1,-1,-1,1,1,1,1,1,1,9,1,-1,1,1,1,-1,-1,1,-1,1,1,1,-1,1,1,-1,0,1,1,1,1,-1,-1,-1,-1,1,1,1,1,1,1,1,1,-1,1,-1,-1,1,-1,-1,1,0,-1,-1,1,1,-1,1,1,-1,-1,-1,-1,-1,1,-1,1,1,1,1,1,1,1
"Cantuarias Rubio, Rocío",-1,-1,-1,-1,1,1,-1,-1,1,-1,0,-1,-1,-1,0,0,1,1,1,1,-1,0,-1,-1,1,1,1,-1,-1,-1,-1,1,-1,-1,1,-1,-1,1,1,-1,-1,-1,1,-1,-1,-1,1,-1,-1,1,-1,0,-1,-1,-1,-1,-1,-1,-1,1,-1,-1,-1,-1,-1,1,0,-1,-1,-1,-1,1,1,1,1,-1,1,1,1,-1,1,1,1,1,-1,-1,-1,0,-1,-1,-1,-1,1,-1,1,-1,1,1,-1,-1,1,-1,0,-1,-1,-1,-1,-1,1,1,1,1,-1,1,1,1,-1,1,1,1,1,1,1,1,1,-1,-1,1,1,-1,1,1,1,1,0,1,-1,1,1,-1,-1,-1,-1,1,-1
"Carrillo Vidal, Alondra",1,1,1,1,1,-1,1,-1,1,1,-1,1,1,1,-1,-1,-1,-1,1,-1,1,-1,1,1,-1,1,-1,-1,-1,-1,-1,-1,-1,1,1,1,1,1,1,1,1,1,-1,-1,1,1,1,1,1,-1,-1,-1,1,1,0,-1,1,9,1,1,1,1,-1,-1,1,-1,1,1,1,1,-1,-1,-1,-1,-1,1,-1,1,1,1,1,-1,9,-1,1,1,1,-1,1,1,1,1,1,1,1,1,-1,1,1,1,1,1,1,1,1,1,1,1,1,1,1,1,1,1,1,-1,1,-1,-1,-1,-1,-1,1,-1,-1,-1,-1,1,-1,-1,1,-1,-1,-1,-1,-1,1,-1,1,1,1,1,1,1,1
"Castillo Boilet, María Trinidad",1,-1,-1,1,1,-1,1,-1,1,1,1,-1,-1,-1,1,-1,-1,-1,1,-1,1,1,-1,-1,-1,1,-1,0,-1,-1,-1,-1,-1,0,1,0,1,1,1,1,1,1,-1,-1,0,1,1,1,1,-1,0,-1,1,-1,-1,1,-1,0,-1,-1,1,-1,-1,-1,1,0,1,1,-1,1,0,9,-1,-1,-1,-1,1,1,1,1,-1,1,1,-1,1,1,9,-1,-1,1,-1,1,1,0,-1,-1,1,-1,-1,1,1,-1,1,-1,-1,-1,-1,1,1,1,1,1,1,1,1,-1,1,-1,-1,1,-1,-1,1,1,-1,-1,1,0,-1,0,-1,-1,-1,-1,-1,-1,1,-1,1,-1,1,1,1,1,1
"Castillo Vigouroux, Eduardo",1,9,-1,1,1,-1,1,1,1,1,1,1,-1,-1,-1,1,-1,1,1,1,-1,-1,-1,1,-1,1,0,0,-1,0,0,0,0,-1,1,-1,1,1,1,1,0,1,9,1,1,0,1,0,1,-1,-1,1,1,-1,-1,1,-1,1,0,-1,1,-1,1,-1,1,1,1,1,1,1,-1,0,1,0,1,1,1,1,1,9,9,1,1,-1,1,1,-1,-1,-1,1,-1,0,1,1,-1,-1,1,-1,1,-1,1,1,1,1,1,-1,-1,-1,1,1,0,1,1,1,1,-1,0,-1,1,-1,-1,-1,1,1,-1,1,1,-1,-1,1,-1,-1,-1,1,-1,-1,-1,-1,1,-1,1,1,1,1,-1
"Castro Gutiérrez, Claudia",-1,-1,-1,-1,1,1,-1,-1,1,-1,0,-1,-1,-1,0,0,1,1,1,1,-1,0,-1,-1,1,1,1,-1,-1,-1,-1,-1,0,-1,1,-1,1,1,1,1,0,0,1,0,0,1,1,-1,-1,1,-1,-1,-1,-1,-1,1,-1,-1,-1,-1,-1,-1,-1,-1,-1,1,0,-1,1,-1,1,1,1,1,1,-1,1,1,1,-1,-1,1,1,1,0,0,-1,1,-1,1,-1,-1,1,-1,0,-1,1,1,-1,-1,1,-1,1,-1,-1,-1,-1,-1,1,1,1,1,-1,1,1,1,1,1,0,0,1,1,1,1,1,-1,1,1,1,-1,1,1,1,1,0,1,-1,1,1,-1,0,-1,1,1,-1
"Catrileo Arias, Rosa",1,1,-1,1,1,-1,1,-1,1,1,-1,1,1,1,-1,-1,-1,-1,-1,-1,1,-1,1,1,-1,1,-1,1,-1,1,1,0,0,1,1,1,1,1,1,1,1,1,-1,-1,1,1,1,1,1,-1,-1,-1,1,1,1,-1,1,9,1,1,1,1,-1,-1,1,-1,1,1,1,1,-1,-1,-1,-1,-1,1,-1,1,1,1,1,-1,1,-1,1,-1,1,-1,1,-1,1,1,1,1,1,1,-1,1,0,1,1,1,1,1,1,1,1,1,1,1,1,1,1,1,1,0,1,-1,-1,-1,-1,-1,1,-1,-1,-1,-1,1,-1,1,-1,-1,-1,-1,-1,-1,1,-1,1,1,1,1,1,1,1
"Celedón Fernández, Roberto",9,9,9,1,1,-1,1,-1,1,1,-1,1,0,-1,-1,-1,-1,-1,1,-1,1,-1,1,1,-1,1,-1,0,-1,0,0,0,0,1,1,0,1,1,1,1,1,1,0,1,1,1,1,1,1,0,1,-1,1,0,1,1,1,1,1,1,1,1,1,-1,1,-1,1,1,1,1,-1,-1,9,-1,1,1,1,1,1,1,1,1,1,1,1,1,1,-1,1,-1,1,1,1,1,1,1,1,1,1,1,1,1,1,0,1,1,0,0,1,1,1,1,1,1,1,-1,1,1,-1,1,-1,-1,1,1,-1,1,-1,1,-1,1,1,-1,-1,-1,1,-1,0,-1,1,-1,1,0,1,1,1
"Celis Montt, Raúl",-1,-1,-1,-1,1,1,-1,-1,1,-1,0,-1,-1,-1,0,-1,1,1,1,1,-1,0,-1,-1,1,1,1,-1,-1,-1,-1,-1,-1,-1,1,-1,1,1,1,1,-1,-1,1,-1,-1,-1,-1,-1,-1,1,-1,1,-1,-1,-1,0,-1,-1,-1,-1,-1,-1,-1,-1,-1,1,0,-1,1,0,1,1,1,1,1,0,1,1,0,-1,1,1,1,1,0,-1,0,1,-1,1,-1,-1,1,-1,1,-1,1,0,-1,-1,1,0,1,-1,-1,1,-1,-1,1,1,1,1,0,1,1,1,1,1,-1,-1,-1,1,0,0,-1,1,1,1,-1,1,0,-1,1,1,0,0,-1,0,-1,-1,-1,-1,0,1,-1
"Céspedes Fernández, Lorena",1,1,-1,1,1,-1,1,-1,1,1,1,1,-1,-1,-1,0,-1,-1,1,1,-1,-1,-1,-1,-1,1,-1,0,0,0,0,1,0,-1,1,1,9,9,9,9,1,1,-1,-1,1,1,1,1,1,-1,1,-1,1,-1,-1,1,-1,1,0,-1,1,-1,-1,-1,1,-1,1,1,1,1,0,-1,-1,-1,-1,-1,1,1,0,0,0,1,1,0,1,1,0,-1,0,1,0,1,1,0,-1,1,1,-1,0,-1,1,-1,1,-1,-1,0,-1,-1,1,1,1,1,1,1,1,1,1,0,-1,1,-1,-1,1,1,-1,1,-1,-1,-1,-1,-1,-1,-1,-1,-1,-1,0,-1,1,1,1,1,1,-1,-1
"Chahín Valenzuela, Fuad",1,1,9,9,9,-1,1,-1,1,-1,1,1,-1,-1,-1,1,-1,1,1,1,-1,-1,-1,1,-1,1,0,0,0,0,0,0,0,0,1,0,1,1,9,9,1,1,9,1,1,1,1,1,1,0,1,1,1,0,0,1,-1,0,0,1,1,-1,-1,0,0,1,1,1,1,1,-1,1,1,1,1,0,1,1,1,1,1,-1,1,0,1,1,1,-1,9,9,-1,0,9,0,1,-1,1,1,-1,-1,1,0,1,-1,0,1,-1,-1,1,1,1,1,1,1,1,-1,1,1,0,-1,1,-1,1,-1,1,1,1,0,1,1,-1,-1,-1,1,1,0,-1,1,1,-1,1,1,1,1,-1
"Cozzi Elzo, Ruggero",1,-1,-1,-1,1,1,0,-1,1,-1,1,-1,-1,-1,0,1,1,1,1,1,-1,0,-1,-1,1,1,1,0,1,0,0,1,0,0,1,0,1,1,1,1,0,0,1,0,1,0,1,1,1,1,-1,1,0,0,-1,1,9,-1,0,-1,1,0,0,0,0,1,0,-1,-1,0,1,1,1,1,1,-1,1,1,1,-1,-1,1,1,9,0,0,-1,1,-1,1,-1,-1,1,-1,1,-1,1,1,-1,-1,-1,-1,0,-1,0,1,-1,-1,1,1,1,1,-1,1,1,0,0,1,-1,-1,-1,1,1,1,-1,0,1,1,0,1,1,0,0,1,0,1,0,0,1,-1,0,-1,1,1,-1
"Cretton Rebolledo, Eduardo",-1,-1,-1,-1,1,1,-1,-1,1,-1,0,-1,-1,-1,0,0,1,1,1,1,-1,0,-1,-1,1,1,1,-1,1,-1,-1,-1,-1,-1,1,-1,1,1,1,1,1,-1,1,-1,-1,-1,1,1,9,1,9,-1,-1,9,-1,1,-1,-1,-1,1,-1,-1,-1,-1,-1,1,1,-1,1,9,9,1,1,9,9,-1,1,1,1,-1,1,1,1,1,-1,0,1,1,-1,1,-1,-1,0,-1,1,-1,1,1,-1,-1,1,-1,0,-1,-1,-1,-1,-1,1,1,1,1,-1,1,1,1,-1,1,1,1,1,1,1,1,1,-1,-1,1,1,-1,1,1,1,1,1,1,-1,1,1,-1,-1,-1,1,1,0
"Cruz Carrasco, Andrés",1,-1,-1,1,1,-1,1,-1,1,1,1,-1,-1,-1,1,-1,-1,1,1,1,-1,1,-1,-1,-1,1,1,1,1,1,-1,1,1,-1,1,1,1,1,1,1,-1,-1,1,1,1,-1,-1,-1,-1,-1,1,-1,1,-1,-1,1,-1,-1,-1,-1,1,-1,-1,-1,1,-1,1,1,-1,1,-1,1,-1,-1,-1,-1,1,-1,-1,-1,-1,1,-1,1,1,1,-1,1,-1,1,-1,-1,-1,-1,-1,-1,1,1,-1,-1,1,-1,1,-1,-1,-1,-1,1,1,1,1,1,1,1,1,-1,1,-1,-1,-1,-1,1,1,1,-1,1,1,-1,-1,1,1,1,-1,-1,-1,-1,1,-1,1,-1,1,1,1,1,1
"Cubillos Sigall, Marcela",-1,-1,-1,-1,1,1,-1,-1,1,-1,0,-1,-1,-1,0,0,1,1,1,1,-1,0,-1,-1,1,1,9,9,-1,-1,-1,-1,-1,-1,1,-1,0,1,1,-1,9,9,1,-1,0,-1,1,0,-1,1,-1,1,-1,-1,-1,0,-1,-1,0,1,-1,-1,-1,-1,-1,1,-1,-1,0,-1,0,0,1,1,1,-1,1,1,1,-1,0,1,1,1,-1,-1,-1,0,-1,-1,-1,-1,0,-1,1,-1,0,1,-1,-1,1,-1,0,-1,-1,0,-1,-1,1,1,1,1,-1,1,1,1,-1,1,1,1,1,1,1,1,1,-1,1,1,1,-1,1,1,1,1,1,1,-1,1,1,-1,-1,-1,1,1,-1
"Daza Carrasco, Mauricio",1,1,1,1,1,-1,1,-1,1,1,0,1,-1,-1,-1,-1,-1,-1,1,1,-1,-1,-1,1,-1,1,0,1,0,1,0,1,1,1,1,0,1,1,1,1,1,1,0,1,1,1,9,1,1,-1,0,-1,1,0,0,1,0,1,1,0,1,1,-1,1,1,-1,1,1,1,1,1,0,0,0,1,0,1,1,1,1,1,1,1,1,1,0,0,-1,0,1,0,0,1,1,1,1,1,-1,1,1,1,1,1,0,1,1,-1,-1,1,1,1,0,1,1,1,-1,1,1,-1,-1,-1,-1,1,1,-1,1,-1,1,-1,1,-1,-1,-1,-1,-1,-1,1,-1,1,-1,1,1,1,1,1
"De la Maza Bañados, Bernardo",1,-1,9,9,1,1,9,-1,1,-1,1,-1,-1,-1,-1,0,1,1,1,1,-1,-1,-1,-1,1,1,9,0,9,-1,-1,-1,-1,-1,1,0,1,1,1,1,0,0,1,0,1,0,1,1,0,0,0,1,1,0,0,1,0,-1,0,0,1,1,1,0,0,1,0,0,1,1,9,1,1,1,-1,-1,1,1,1,1,9,1,1,1,0,0,1,0,-1,1,1,0,1,0,1,-1,1,1,-1,-1,1,-1,1,-1,0,1,-1,0,1,1,1,1,0,1,1,1,-1,-1,1,-1,-1,1,1,1,1,1,-1,1,-1,-1,1,1,1,1,1,1,1,1,1,-1,1,-1,1,1,-1
"Delgado Vergara, Aurora",1,1,1,1,1,-1,1,1,1,1,1,1,-1,1,1,1,-1,1,1,-1,1,1,-1,-1,-1,1,-1,0,-1,0,1,0,0,1,1,1,1,1,1,1,1,1,-1,1,1,1,1,1,1,-1,1,-1,1,-1,-1,1,-1,1,1,-1,1,-1,-1,-1,1,-1,1,1,1,1,-1,9,-1,-1,-1,1,-1,1,1,1,1,-1,1,-1,1,1,1,-1,-1,1,1,1,1,1,1,1,-1,-1,-1,-1,1,1,1,1,1,1,-1,-1,1,1,1,1,1,1,1,-1,1,-1,-1,-1,-1,-1,1,1,-1,-1,1,1,-1,-1,1,1,-1,-1,-1,-1,1,-1,1,1,1,1,1,-1,1
"Domínguez Donoso, Gaspar",1,1,9,1,1,-1,1,-1,1,1,1,1,-1,-1,-1,-1,-1,1,1,1,-1,-1,-1,1,-1,1,-1,0,-1,0,0,1,0,-1,1,-1,1,1,1,1,1,1,-1,-1,1,1,1,1,1,-1,1,-1,1,-1,-1,1,-1,1,1,-1,1,-1,-1,-1,1,-1,1,1,1,1,-1,-1,-1,-1,-1,-1,1,1,1,0,1,1,1,-1,1,0,-1,-1,-1,1,-1,-1,1,0,-1,-1,1,-1,-1,-1,1,-1,1,1,-1,1,-1,-1,1,1,1,1,1,1,1,1,1,-1,-1,1,-1,-1,1,1,1,1,1,-1,-1,1,-1,-1,1,-1,-1,-1,1,-1,1,1,1,1,1,1,-1
"Dorador Ortiz, Cristina",1,1,-1,1,1,-1,1,-1,1,1,1,1,1,1,-1,-1,-1,-1,1,-1,1,-1,1,1,-1,1,-1,1,-1,1,0,1,0,1,1,1,1,1,1,1,1,1,-1,-1,1,1,1,1,1,-1,-1,-1,1,1,1,-1,1,1,1,1,1,1,-1,-1,1,-1,1,1,1,1,-1,-1,-1,-1,-1,1,-1,1,1,1,1,-1,1,-1,1,1,1,-1,1,1,1,1,1,1,1,1,-1,1,1,1,1,1,1,1,1,1,1,1,1,1,1,1,1,1,1,-1,1,1,-1,-1,-1,-1,1,1,-1,-1,-1,1,-1,-1,1,-1,-1,-1,-1,-1,1,-1,1,1,1,1,1,-1,1
"Fernández Chadwick, Patricio",1,1,-1,1,1,-1,1,-1,1,-1,1,1,-1,-1,-1,-1,-1,-1,1,1,-1,-1,-1,1,-1,1,-1,0,-1,0,0,0,0,0,1,0,1,1,1,1,1,1,0,0,1,1,1,1,1,-1,-1,-1,1,0,0,1,-1,1,0,-1,1,-1,-1,-1,1,0,1,1,1,1,-1,1,-1,-1,-1,0,1,1,1,1,0,1,1,1,1,1,0,-1,-1,1,-1,1,1,1,-1,1,1,-1,-1,1,1,1,1,-1,1,0,-1,-1,1,1,1,1,1,1,1,-1,1,1,-1,1,-1,-1,1,1,-1,-1,-1,1,-1,-1,1,1,-1,1,-1,-1,0,-1,1,-1,1,0,1,1,1
"Flores Carlos, Alejandra",1,1,-1,1,1,-1,1,-1,1,1,-1,1,1,1,-1,-1,-1,-1,-1,-1,1,-1,1,1,-1,1,-1,1,-1,1,-1,1,-1,0,1,1,1,1,1,1,1,1,-1,-1,-1,1,1,1,1,-1,-1,9,1,1,-1,-1,1,1,1,1,9,1,-1,-1,1,-1,1,1,1,1,-1,-1,-1,-1,-1,1,1,1,1,1,1,-1,1,-1,1,0,1,-1,1,-1,1,1,1,1,1,1,-1,1,1,1,1,1,1,1,1,1,1,1,1,1,1,-1,1,1,1,-1,1,-1,-1,-1,-1,-1,1,-1,-1,-1,-1,-1,-1,-1,-1,-1,-1,-1,-1,-1,1,-1,1,1,1,1,1,1,1
"Fontaine Talavera, Bernardo",1,-1,-1,-1,1,1,-1,-1,1,-1,9,-1,-1,-1,0,0,1,1,1,1,-1,0,-1,-1,1,1,1,0,-1,-1,-1,0,0,-1,1,-1,1,1,9,9,0,-1,1,1,1,-1,1,1,-1,1,-1,1,0,-1,-1,-1,-1,-1,-1,0,-1,0,-1,9,9,9,9,9,9,9,9,1,1,1,1,-1,1,1,1,-1,9,1,1,1,0,0,-1,1,-1,0,-1,-1,1,-1,1,-1,1,1,-1,-1,-1,-1,1,-1,-1,-1,-1,-1,1,1,1,1,-1,1,1,1,1,1,-1,1,-1,1,1,1,-1,-1,1,1,-1,-1,1,1,1,0,-1,1,-1,1,1,-1,1,-1,-1,1,-1
"Fuchslocher Baeza, Javier",1,1,-1,1,1,-1,1,-1,1,1,1,1,-1,-1,-1,0,-1,-1,1,1,-1,-1,-1,1,-1,1,9,9,9,9,9,9,9,9,9,9,9,9,9,9,0,1,-1,-1,1,1,1,1,1,-1,-1,-1,1,-1,-1,1,-1,1,0,-1,1,-1,-1,-1,1,-1,1,1,-1,1,-1,-1,-1,-1,-1,0,1,1,1,0,0,1,1,-1,1,1,0,-1,0,1,-1,1,1,0,-1,1,1,1,0,-1,1,-1,1,1,1,0,-1,-1,1,1,1,1,1,1,1,1,1,0,-1,1,-1,-1,1,1,-1,1,-1,-1,-1,-1,-1,-1,-1,-1,-1,-1,0,-1,1,0,1,1,1,1,1
"Gallardo Prado, Bessy",1,1,0,1,1,-1,1,-1,1,1,1,1,-1,-1,-1,-1,-1,0,1,0,-1,-1,-1,1,-1,1,-1,0,-1,0,0,0,0,0,1,0,1,1,1,1,1,1,-1,1,1,1,1,1,1,-1,1,-1,1,1,1,1,1,1,-1,1,1,1,1,-1,1,-1,1,1,1,1,-1,9,-1,-1,-1,-1,1,-1,1,1,1,1,1,-1,1,1,0,-1,-1,1,0,0,1,1,-1,-1,1,1,0,0,1,1,1,1,9,0,-1,0,1,1,1,1,1,1,1,-1,1,-1,-1,1,-1,-1,1,1,-1,1,1,-1,-1,0,-1,-1,-1,-1,-1,-1,1,-1,1,1,1,1,1,9,-1
"Garín González, Renato",1,9,9,9,9,9,1,-1,1,1,-1,1,1,1,-1,1,-1,-1,1,1,1,-1,1,1,-1,1,-1,-1,-1,-1,-1,1,-1,1,1,1,1,1,1,1,1,1,-1,-1,-1,1,1,1,1,-1,1,1,1,1,1,1,1,1,1,1,1,1,1,-1,1,-1,1,1,1,1,1,-1,-1,1,1,1,1,1,1,1,1,1,1,1,1,-1,1,-1,1,1,1,1,1,1,1,1,-1,1,1,1,1,1,1,1,1,1,1,1,1,1,1,1,1,1,1,1,1,-1,-1,-1,-1,-1,1,1,-1,1,-1,1,-1,1,-1,-1,-1,1,1,-1,1,-1,1,1,1,1,1,1,1
"Giustinianovich Campos, Elisa",1,1,-1,1,1,-1,1,-1,1,1,-1,1,1,1,-1,-1,-1,-1,-1,-1,1,-1,1,1,-1,1,-1,-1,-1,-1,-1,-1,-1,1,1,1,1,1,1,1,1,1,-1,-1,-1,1,1,1,1,-1,-1,-1,1,1,1,-1,1,1,1,1,1,1,-1,-1,1,-1,1,1,1,1,-1,-1,-1,-1,-1,1,-1,1,1,1,1,-1,1,-1,1,1,1,-1,1,-1,1,1,1,1,1,1,-1,1,1,1,1,1,1,1,1,1,1,1,1,1,1,1,1,1,1,-1,1,-1,-1,-1,-1,-1,1,-1,-1,-1,1,1,-1,-1,1,-1,-1,-1,-1,-1,1,-1,1,1,1,1,1,1,1
"Godoy Monardez, Isabel",1,1,-1,1,1,-1,1,-1,-1,1,-1,1,1,1,-1,-1,-1,-1,-1,-1,1,-1,1,1,-1,1,-1,1,-1,1,1,0,0,1,1,1,1,1,1,1,1,1,-1,1,1,1,1,1,1,-1,1,-1,9,1,1,-1,1,1,1,1,-1,1,0,-1,1,-1,1,1,1,1,-1,-1,-1,-1,-1,1,-1,1,1,1,1,-1,1,-1,1,-1,1,-1,1,-1,1,1,1,1,1,1,-1,1,1,1,1,1,1,1,1,1,1,1,1,1,1,1,1,1,1,-1,1,1,-1,1,-1,-1,1,-1,-1,1,-1,1,-1,-1,-1,1,-1,-1,-1,-1,1,-1,1,1,1,1,1,-1,1
"Gómez Castro, Claudio",1,-1,9,1,1,-1,1,9,1,1,1,1,-1,-1,1,1,-1,-1,1,-1,1,1,-1,-1,-1,1,-1,0,-1,0,0,1,0,0,1,1,1,1,1,1,1,1,-1,-1,1,1,1,1,1,-1,-1,-1,1,-1,-1,1,-1,1,1,-1,1,-1,-1,-1,1,-1,1,1,-1,1,-1,-1,-1,-1,-1,-1,1,1,1,1,9,1,1,-1,1,1,1,-1,-1,1,-1,1,1,1,-1,1,1,-1,-1,1,1,1,1,-1,1,-1,-1,1,1,1,1,1,9,1,1,-1,1,-1,-1,-1,-1,-1,1,1,-1,-1,1,1,-1,-1,1,1,-1,-1,-1,-1,1,-1,1,1,1,1,1,1,1
"Gómez Sánchez, Yarela",1,1,1,1,1,-1,0,9,1,1,1,1,-1,-1,1,1,-1,-1,1,-1,1,1,-1,-1,-1,1,-1,0,-1,0,0,0,0,0,1,0,1,1,1,1,1,1,-1,1,1,1,1,1,1,-1,1,-1,1,-1,-1,1,-1,1,1,-1,1,-1,-1,-1,1,-1,1,1,1,1,-1,-1,-1,-1,-1,1,0,1,1,1,1,-1,1,-1,1,1,0,-1,-1,1,1,1,1,1,1,1,-1,-1,-1,-1,1,1,1,1,1,1,-1,-1,1,1,1,1,1,1,1,-1,1,-1,-1,-1,-1,-1,1,1,-1,-1,0,1,-1,-1,0,1,-1,-1,-1,-1,1,-1,1,1,1,1,1,-1,1
"González Araya, Dayyana",1,1,-1,1,1,-1,1,-1,1,1,-1,1,1,1,-1,-1,-1,-1,-1,-1,1,-1,1,1,-1,1,-1,-1,-1,-1,9,-1,9,1,1,1,1,1,1,1,1,1,-1,-1,-1,1,1,1,1,-1,-1,-1,1,1,-1,-1,1,1,1,1,1,1,-1,-1,1,-1,1,1,1,1,-1,-1,-1,-1,-1,1,-1,1,1,1,1,-1,1,-1,1,1,1,-1,-1,-1,1,1,1,1,1,1,-1,1,1,1,1,1,-1,1,1,1,1,1,1,1,1,-1,-1,1,1,-1,1,1,-1,1,-1,-1,1,-1,-1,-1,1,1,-1,-1,1,-1,-1,1,1,-1,1,-1,1,1,1,1,1,1,1
"González Calderón, Lidia",1,1,1,1,1,-1,1,-1,-1,1,-1,1,1,1,-1,-1,-1,-1,-1,-1,1,-1,1,1,-1,1,-1,1,-1,1,1,0,0,1,1,1,1,1,1,1,9,9,9,9,9,9,9,9,9,9,9,9,9,9,9,9,9,9,9,9,9,9,9,9,9,9,9,9,9,9,9,9,9,9,9,9,9,9,9,9,9,9,9,9,9,9,9,9,9,9,9,9,9,9,9,9,9,1,1,1,1,1,1,1,1,1,1,1,1,1,1,1,1,1,1,-1,1,-1,-1,1,-1,-1,1,-1,-1,1,-1,1,-1,-1,-1,-1,-1,-1,-1,-1,1,-1,1,1,1,1,1,1,1
"Grandón Caro, Giovanna",1,1,-1,1,1,-1,1,-1,1,1,-1,1,1,1,-1,-1,-1,-1,-1,-1,1,-1,1,1,-1,1,-1,1,-1,1,1,0,0,1,1,1,1,1,1,1,1,1,-1,0,0,1,1,1,1,-1,-1,-1,0,1,0,0,1,1,1,1,-1,1,-1,-1,1,-1,1,1,1,1,-1,-1,-1,-1,-1,1,0,1,1,1,1,0,1,-1,1,1,1,-1,1,1,1,1,1,1,1,1,-1,1,1,1,1,1,0,1,1,1,1,1,1,1,1,-1,1,1,0,0,1,1,0,1,-1,-1,1,-1,-1,-1,-1,1,-1,-1,1,-1,-1,-1,1,-1,1,-1,1,1,1,1,1,-1,1
"Grandón González, Paola",1,1,-1,-1,1,-1,-1,-1,1,1,-1,1,1,1,-1,-1,-1,-1,-1,-1,1,-1,1,1,-1,9,9,9,9,9,9,9,9,9,9,9,9,9,9,9,0,1,-1,1,1,1,1,1,1,-1,1,-1,1,1,1,-1,1,1,1,1,-1,1,0,-1,1,-1,1,1,1,1,-1,-1,-1,-1,-1,1,-1,1,1,1,1,-1,1,-1,1,-1,1,-1,1,-1,1,1,1,1,1,1,-1,1,1,1,1,1,1,1,1,1,1,1,-1,1,1,1,1,1,1,-1,1,-1,-1,1,-1,-1,1,1,-1,-1,-1,1,-1,-1,-1,-1,-1,-1,-1,-1,1,-1,1,1,1,1,1,1,1
"Gutiérrez Gálvez, Hugo",1,1,1,-1,1,-1,-1,-1,1,1,-1,1,1,1,-1,-1,-1,-1,-1,9,1,9,1,1,-1,1,-1,1,-1,0,0,-1,0,1,1,1,1,1,1,1,1,1,-1,1,1,1,1,1,1,-1,1,-1,1,1,1,1,1,1,1,1,-1,1,1,-1,1,-1,1,1,1,1,9,-1,9,-1,-1,1,-1,1,1,1,1,-1,-1,-1,1,-1,1,-1,1,-1,1,1,1,1,1,1,-1,1,1,1,1,1,1,1,1,1,1,1,1,1,1,9,1,9,1,-1,1,-1,-1,1,-1,-1,1,1,-1,1,-1,1,-1,-1,-1,-1,-1,-1,-1,-1,1,-1,1,1,1,1,1,1,1
"Harboe Bascuñán, Felipe",9,9,9,9,9,9,9,9,9,9,9,9,9,9,9,9,9,9,9,9,9,9,9,9,9,9,9,9,9,-1,0,9,9,9,9,9,9,9,9,9,9,9,9,9,9,9,9,9,9,9,9,9,9,9,9,9,9,9,9,9,9,9,9,9,9,9,9,9,9,9,9,9,9,9,9,9,9,9,9,9,9,9,9,9,9,0,-1,-1,-1,1,-1,1,1,0,9,9,9,1,-1,-1,1,1,1,-1,-1,-1,-1,-1,1,1,1,1,1,1,1,1,1,1,1,-1,1,-1,1,1,1,1,1,1,-1,1,1,-1,-1,1,-1,-1,-1,-1,1,-1,-1,-1,1,1,-1
"Henríquez Carreño, Natalia",1,1,-1,1,1,-1,1,-1,1,1,-1,1,1,1,-1,-1,-1,-1,-1,-1,1,-1,1,1,-1,1,-1,1,-1,-1,-1,-1,-1,1,1,1,1,1,1,1,1,1,-1,-1,1,1,1,1,1,-1,-1,-1,1,1,1,-1,1,1,1,1,1,1,-1,-1,1,-1,9,1,1,1,-1,-1,-1,-1,-1,1,9,1,1,1,1,-1,1,-1,1,-1,1,-1,1,-1,1,1,1,1,1,1,-1,1,1,1,1,1,-1,1,1,1,1,1,1,1,1,-1,1,1,1,-1,1,-1,-1,-1,-1,-1,1,-1,-1,-1,-1,1,-1,-1,1,-1,-1,-1,1,-1,1,-1,1,1,1,1,1,1,1
"Hoppe Espoz, Vanessa",1,1,-1,1,1,-1,1,-1,1,1,-1,1,1,1,-1,-1,-1,-1,-1,-1,1,-1,1,1,-1,1,9,9,-1,0,0,-1,-1,1,1,1,1,1,1,1,1,1,-1,-1,1,1,1,1,1,-1,-1,-1,1,1,1,-1,1,1,1,1,1,1,-1,-1,1,-1,9,1,1,1,-1,-1,9,-1,-1,1,-1,1,1,1,1,-1,1,-1,1,1,1,-1,1,-1,1,1,1,1,1,1,-1,1,1,1,1,1,-1,1,1,1,1,1,1,1,1,-1,1,1,1,-1,1,-1,-1,-1,-1,-1,1,-1,-1,-1,-1,1,-1,-1,1,-1,-1,-1,-1,-1,1,-1,1,1,1,1,1,1,1
"Hube Portus, Constanza",-1,-1,-1,-1,1,1,-1,-1,1,-1,0,-1,-1,-1,0,0,1,1,1,1,-1,0,-1,-1,1,1,0,-1,-1,-1,-1,-1,-1,-1,1,-1,0,1,1,1,-1,-1,1,-1,0,-1,1,0,-1,1,-1,1,-1,-1,-1,-1,-1,-1,0,1,-1,-1,-1,-1,-1,1,0,-1,1,-1,0,1,1,1,1,-1,1,1,1,-1,1,1,1,1,-1,-1,-1,0,-1,-1,-1,-1,1,-1,1,-1,1,1,-1,-1,0,-1,0,-1,-1,0,-1,-1,1,1,1,1,-1,1,1,1,-1,1,1,1,1,1,1,1,1,-1,1,1,1,-1,1,1,1,1,1,1,-1,1,1,-1,-1,-1,0,1,-1
"Hurtado Olave, Ruth",1,9,-1,-1,1,1,-1,-1,1,-1,-1,-1,-1,-1,1,1,1,1,1,1,-1,0,-1,-1,1,1,1,-1,-1,-1,-1,1,0,-1,1,-1,1,1,1,1,0,-1,1,0,-1,0,0,-1,-1,1,-1,1,-1,-1,-1,0,-1,-1,-1,-1,-1,-1,-1,-1,-1,1,0,-1,1,-1,1,1,1,1,1,-1,1,0,1,-1,-1,1,1,1,0,0,-1,1,-1,1,-1,-1,1,-1,1,-1,1,1,-1,-1,1,-1,1,-1,-1,0,-1,-1,1,1,1,1,-1,1,1,1,1,1,-1,1,1,0,1,1,1,-1,1,1,0,1,1,1,1,1,1,0,0,1,1,-1,1,-1,1,1,0
"Hurtado Roco, Maximiliano",1,-1,-1,1,1,-1,1,-1,1,1,1,-1,-1,-1,1,-1,-1,-1,1,0,1,1,-1,-1,-1,1,-1,0,-1,0,0,-1,0,0,1,0,1,1,1,1,1,1,-1,-1,0,1,1,1,1,-1,-1,-1,1,-1,-1,1,-1,0,0,-1,1,-1,-1,-1,1,-1,1,1,-1,1,-1,-1,-1,-1,-1,-1,1,1,1,0,-1,1,1,-1,1,1,1,-1,-1,1,-1,0,1,1,-1,-1,1,-1,-1,1,1,-1,1,-1,-1,0,-1,1,1,1,1,1,1,1,1,1,1,-1,-1,-1,-1,-1,1,1,-1,-1,1,0,-1,-1,-1,-1,-1,-1,-1,-1,1,-1,1,0,1,1,1,1,1
"Caiguan Ancapan, Alexis",1,1,1,1,1,-1,1,-1,1,1,-1,1,1,1,-1,-1,-1,-1,-1,-1,1,-1,1,1,-1,1,-1,1,-1,1,1,1,1,1,1,1,1,1,1,1,1,1,0,1,1,1,1,1,1,-1,-1,-1,1,1,1,0,1,0,1,1,-1,1,0,-1,1,-1,1,1,1,1,-1,-1,-1,-1,-1,1,9,1,1,1,1,-1,1,-1,1,-1,1,-1,1,-1,1,1,1,1,1,1,-1,1,1,1,1,1,1,1,1,1,1,1,1,1,1,1,1,1,1,-1,1,-1,-1,1,-1,-1,1,0,-1,1,1,1,-1,-1,1,-1,-1,-1,-1,-1,1,-1,1,1,1,1,1,1,1
"Jiménez Cáceres, Luis",1,1,-1,1,1,-1,1,-1,1,1,1,1,-1,1,-1,-1,-1,-1,1,-1,1,-1,1,1,-1,1,-1,1,0,1,0,0,-1,1,1,1,1,1,1,1,9,1,9,-1,9,1,1,1,1,-1,9,0,1,1,1,0,1,1,1,1,1,1,-1,1,1,-1,1,1,1,1,-1,9,-1,-1,-1,1,0,1,1,1,1,-1,1,-1,1,1,1,-1,1,1,1,1,1,1,1,1,-1,1,1,1,1,1,1,1,1,1,1,1,1,1,1,1,1,1,1,-1,1,-1,-1,-1,-1,-1,1,-1,-1,0,-1,1,-1,-1,-1,-1,-1,-1,-1,-1,1,-1,1,1,1,1,1,1,1
"Jofré Cáceres, Alvaro",1,-1,9,-1,1,1,-1,-1,1,-1,0,-1,-1,-1,0,0,1,1,1,1,-1,0,-1,-1,1,1,1,0,-1,-1,-1,-1,0,-1,1,9,1,1,1,1,-1,-1,1,-1,0,-1,1,0,-1,1,-1,1,1,-1,-1,1,-1,-1,0,0,-1,-1,0,-1,-1,1,0,0,1,0,1,1,1,1,1,-1,1,1,1,-1,1,1,1,1,0,0,0,1,-1,1,-1,0,1,-1,1,-1,1,1,-1,-1,1,0,1,-1,-1,-1,-1,-1,1,1,1,1,-1,1,1,1,1,1,-1,1,0,0,1,1,0,0,1,1,0,-1,1,0,0,0,0,1,0,1,1,-1,0,0,1,1,-1
"Jurgensen Caesar, Harry",-1,-1,-1,-1,1,1,-1,-1,1,-1,0,-1,-1,-1,0,0,1,1,1,1,-1,0,-1,-1,1,1,1,0,0,-1,-1,0,-1,-1,1,-1,1,1,1,1,-1,-1,1,-1,-1,-1,1,1,-1,1,-1,-1,-1,-1,-1,0,-1,-1,-1,1,-1,-1,-1,-1,-1,1,0,-1,1,-1,1,1,1,1,1,-1,1,1,1,-1,1,1,0,1,-1,0,0,1,-1,1,-1,-1,1,-1,1,-1,1,1,-1,-1,1,-1,-1,-1,-1,-1,-1,-1,1,1,1,1,-1,1,1,1,0,1,1,1,1,1,1,1,1,-1,0,1,0,-1,1,1,1,1,1,1,-1,1,1,-1,-1,-1,1,1,-1
"Labbé Salazar, Bastián",1,1,-1,1,1,-1,1,-1,1,1,-1,1,1,1,-1,-1,-1,-1,-1,-1,1,-1,1,1,-1,1,-1,-1,-1,-1,-1,-1,-1,1,9,1,1,1,1,1,1,1,-1,-1,1,1,1,1,1,-1,-1,-1,-1,1,1,-1,1,1,1,1,1,1,-1,-1,1,-1,1,1,1,1,-1,-1,-1,-1,-1,1,-1,1,1,1,1,-1,1,-1,9,1,1,-1,1,-1,1,1,1,1,1,1,-1,1,1,1,1,1,1,1,1,1,1,1,1,1,1,1,1,1,1,-1,1,-1,-1,-1,-1,-1,1,-1,-1,-1,-1,1,-1,-1,1,-1,-1,-1,-1,-1,1,-1,1,1,1,1,1,1,1
"Labra Besserer, Patricia",1,-1,-1,-1,1,1,-1,-1,1,-1,-1,-1,-1,-1,0,0,1,1,1,1,-1,0,-1,-1,1,1,1,1,0,-1,-1,1,9,-1,1,-1,1,1,1,1,-1,-1,1,0,1,-1,1,-1,-1,1,-1,1,0,-1,-1,1,-1,0,-1,0,0,-1,9,-1,-1,9,0,-1,0,-1,1,1,1,1,1,9,1,0,9,-1,1,1,1,1,1,1,-1,1,-1,1,-1,-1,0,-1,0,-1,1,0,-1,-1,1,0,1,0,-1,0,-1,-1,1,1,1,1,0,1,1,0,1,1,0,-1,1,1,1,1,1,0,0,1,0,0,1,0,0,0,0,0,-1,0,1,-1,0,-1,1,1,-1
"Labraña Pino, Elsa",1,1,-1,9,1,-1,1,-1,1,1,1,1,1,1,-1,-1,-1,-1,9,9,1,-1,1,1,-1,1,-1,1,-1,1,1,1,1,1,1,1,1,1,1,1,1,1,-1,-1,-1,9,1,1,1,-1,-1,-1,9,1,-1,1,1,1,1,1,1,1,-1,1,1,9,1,1,9,9,9,-1,-1,-1,-1,1,0,1,1,1,1,-1,1,1,1,1,1,-1,1,1,1,1,1,1,1,1,-1,1,-1,1,1,1,1,1,1,1,1,1,1,1,1,-1,1,1,1,1,1,1,-1,-1,-1,-1,1,-1,-1,1,-1,1,-1,-1,1,-1,-1,-1,1,-1,1,-1,1,1,1,1,1,1,1
"Laibe Saez, Tomás",1,-1,1,1,1,-1,1,-1,1,0,1,-1,-1,-1,1,-1,-1,-1,1,0,1,1,-1,-1,-1,1,-1,-1,-1,-1,-1,-1,-1,-1,1,-1,1,1,1,1,1,1,-1,-1,0,1,9,1,1,-1,-1,-1,1,-1,-1,1,-1,1,0,-1,1,-1,-1,9,1,-1,1,1,0,1,0,-1,-1,-1,-1,0,1,1,1,0,0,1,1,-1,1,1,1,-1,-1,1,-1,1,1,1,-1,-1,1,-1,-1,1,1,-1,1,-1,-1,0,-1,1,1,1,1,1,1,1,1,-1,1,-1,-1,-1,-1,-1,-1,1,-1,-1,1,0,-1,1,-1,-1,-1,-1,-1,-1,1,-1,1,0,1,1,1,1,1
"Larraín Matte, Hernán",1,-1,-1,-1,1,1,-1,-1,1,-1,0,-1,-1,-1,0,0,1,1,1,1,-1,0,-1,-1,1,1,0,0,0,0,0,0,0,1,1,0,1,1,1,1,-1,-1,1,0,1,0,1,1,1,1,0,1,1,0,0,1,0,-1,0,-1,0,-1,1,0,-1,1,0,-1,1,-1,1,1,1,1,1,-1,1,1,1,-1,-1,1,1,1,0,0,-1,9,-1,1,-1,0,1,0,-1,-1,1,1,-1,-1,1,-1,1,0,0,1,-1,-1,1,1,1,1,-1,1,1,1,1,1,1,1,1,-1,1,1,1,-1,1,1,-1,1,1,1,1,1,1,1,1,1,1,0,1,1,1,1,-1
"Letelier Cortés, Margarita",-1,-1,9,-1,1,1,-1,-1,1,-1,1,-1,-1,-1,0,0,1,1,1,1,-1,0,-1,-1,1,1,1,-1,-1,-1,-1,1,-1,-1,1,-1,1,1,1,-1,-1,-1,1,-1,-1,-1,1,-1,-1,1,-1,-1,-1,-1,-1,1,-1,-1,-1,-1,-1,-1,-1,-1,-1,1,1,-1,1,-1,1,1,1,1,1,-1,1,1,1,-1,1,1,-1,1,-1,0,-1,1,-1,1,-1,-1,1,-1,1,-1,1,1,-1,-1,1,-1,0,-1,-1,-1,-1,-1,1,1,1,1,-1,1,1,1,1,1,1,1,1,1,1,1,1,-1,1,1,1,-1,1,1,1,1,1,1,-1,1,1,-1,-1,-1,1,1,-1
"Linconao Huircapán, Francisca",9,9,9,9,9,9,1,-1,1,1,-1,1,1,1,-1,-1,-1,-1,-1,-1,1,-1,1,1,-1,1,0,9,0,1,1,0,1,1,1,1,1,1,1,1,9,9,9,9,9,9,9,9,9,9,9,9,9,9,9,9,9,9,9,9,9,9,9,9,9,9,9,9,9,9,9,9,9,9,9,1,1,1,1,1,1,1,1,-1,1,-1,1,-1,1,-1,1,1,1,1,1,1,-1,1,0,0,1,1,1,1,1,1,1,1,1,1,1,1,1,1,9,9,9,9,9,9,9,9,9,9,9,9,9,9,9,9,9,9,9,9,9,9,9,9,9,9,9,9,9,9,9
"Llanquileo Pilquimán, Natividad",1,1,1,1,1,-1,1,-1,9,1,-1,1,1,1,-1,-1,-1,-1,-1,-1,1,-1,1,1,-1,1,-1,1,-1,1,9,0,-1,1,1,1,1,1,1,1,1,1,-1,1,-1,1,1,1,1,-1,-1,-1,-1,1,1,-1,1,1,1,1,-1,1,-1,-1,1,-1,1,1,1,1,-1,-1,-1,-1,-1,1,-1,9,1,1,1,-1,1,-1,-1,-1,1,-1,1,-1,1,1,1,1,1,1,-1,1,1,1,1,1,-1,1,1,1,1,1,1,1,1,-1,1,1,1,-1,1,-1,-1,-1,-1,-1,1,-1,-1,1,1,1,-1,-1,-1,-1,-1,-1,-1,-1,1,-1,1,1,1,1,1,1,1
"Logan Soto, Rodrigo",1,1,1,-1,1,1,-1,-1,1,1,1,-1,-1,-1,-1,-1,-1,-1,1,1,-1,-1,-1,1,-1,1,1,0,-1,0,0,1,-1,0,1,0,-1,1,1,1,1,1,1,1,1,1,1,1,1,-1,-1,-1,1,1,-1,1,1,1,1,1,1,1,-1,-1,9,9,9,1,9,9,9,1,1,1,1,1,1,-1,1,1,1,1,1,-1,1,-1,1,-1,-1,1,-1,-1,1,-1,1,-1,1,1,-1,-1,-1,1,-1,-1,1,1,-1,-1,1,1,1,1,1,1,1,-1,1,1,1,1,1,1,1,1,1,1,1,1,-1,1,-1,-1,-1,1,1,-1,1,1,1,-1,1,-1,1,1,-1
"Loncon Antileo, Elisa",1,1,-1,9,-1,-1,1,-1,1,1,-1,1,1,1,-1,-1,-1,-1,-1,-1,1,-1,1,1,-1,1,9,1,0,1,1,1,0,-1,1,1,1,1,1,1,1,1,0,0,1,1,1,1,1,-1,0,-1,1,1,1,1,1,1,1,1,1,1,-1,-1,1,-1,1,1,1,1,-1,-1,-1,-1,-1,1,1,1,1,1,1,-1,1,-1,1,1,1,-1,1,1,1,1,1,1,1,1,-1,1,-1,0,1,1,1,-1,1,1,-1,-1,1,1,1,1,1,1,9,9,9,9,9,9,9,9,9,9,9,9,9,9,9,9,9,9,9,9,9,9,9,9,9,9,9,9,9,9,9
"Madriaga Flores, Tania",1,1,-1,1,1,-1,1,-1,1,1,-1,1,1,1,-1,-1,-1,-1,-1,-1,1,-1,1,1,-1,1,-1,1,-1,1,1,-1,-1,1,1,1,1,1,1,1,1,1,-1,-1,-1,1,1,1,1,-1,-1,-1,1,1,-1,-1,1,1,1,1,1,1,-1,-1,1,-1,1,1,1,1,-1,-1,-1,-1,-1,1,-1,1,1,1,1,-1,1,-1,1,1,1,-1,1,-1,1,1,1,1,1,1,-1,1,1,1,1,1,1,1,1,1,1,1,1,1,1,-1,1,1,1,-1,1,-1,-1,1,-1,-1,1,-1,-1,-1,-1,1,-1,-1,1,-1,-1,-1,1,-1,1,-1,1,1,1,1,1,1,1
"Mamani Mamani, Isabella",1,1,1,1,1,-1,1,-1,1,1,-1,1,1,1,-1,-1,-1,-1,-1,-1,1,-1,1,1,-1,1,-1,1,-1,1,0,0,0,1,1,1,1,1,1,1,1,1,-1,1,-1,1,1,1,1,-1,-1,-1,-1,1,1,0,1,1,1,1,-1,1,-1,-1,1,-1,1,1,1,1,-1,-1,-1,-1,-1,1,1,1,1,1,1,-1,1,-1,1,-1,1,-1,1,-1,1,1,1,1,1,1,-1,1,1,1,1,1,-1,1,1,1,1,1,1,1,1,-1,1,1,1,-1,1,1,-1,-1,-1,-1,1,-1,-1,1,1,1,-1,-1,-1,-1,-1,-1,-1,-1,1,-1,1,1,1,1,1,1,1
"Marinovic Vial, Teresa",-1,-1,-1,-1,1,1,-1,-1,1,-1,0,-1,-1,-1,0,0,1,1,1,1,-1,0,-1,-1,1,1,9,9,9,9,9,9,9,9,1,-1,-1,1,1,1,-1,-1,1,-1,-1,-1,1,-1,-1,1,-1,1,-1,-1,-1,-1,-1,-1,-1,1,-1,-1,-1,-1,-1,1,-1,-1,-1,-1,1,1,1,1,1,-1,1,1,1,-1,1,1,1,1,-1,-1,-1,0,-1,-1,-1,-1,0,-1,1,-1,1,1,-1,-1,1,-1,-1,-1,-1,-1,-1,-1,-1,1,1,1,-1,1,1,1,-1,1,1,1,1,1,1,1,1,-1,1,1,1,-1,1,1,1,0,0,1,-1,1,1,-1,-1,-1,1,1,-1
"Martin Bravo, Juan José",1,1,-1,1,1,-1,1,-1,1,1,1,1,-1,-1,-1,-1,-1,-1,1,1,-1,-1,-1,1,-1,1,0,1,0,1,1,1,0,0,1,1,1,1,1,1,1,1,1,0,1,0,1,1,1,0,0,1,1,0,0,1,1,1,0,0,1,0,-1,0,1,0,1,1,1,1,1,0,0,0,0,0,1,1,1,0,1,1,1,0,1,1,1,-1,0,1,0,0,1,0,1,1,0,-1,-1,1,1,-1,1,1,-1,1,-1,1,1,1,1,1,1,1,1,1,1,-1,-1,1,-1,-1,1,-1,-1,1,-1,-1,-1,1,-1,-1,-1,-1,-1,-1,1,-1,1,1,1,1,1,1,-1
"Martínez Llancapan, Helmuth",1,1,-1,1,1,-1,1,-1,1,1,-1,1,1,1,-1,-1,-1,-1,1,-1,1,-1,1,1,-1,1,0,1,0,1,0,0,0,1,1,1,1,1,1,1,1,1,0,0,-1,1,1,1,1,0,-1,-1,9,1,1,1,1,1,1,1,0,1,-1,-1,1,0,1,1,1,1,-1,0,-1,-1,-1,1,1,1,1,1,1,0,1,-1,1,1,1,1,1,1,1,1,1,1,1,1,-1,1,1,1,1,9,1,1,1,1,1,1,1,1,1,1,-1,1,1,0,1,0,0,1,-1,-1,1,0,-1,1,1,1,-1,0,1,-1,0,0,0,0,1,-1,1,1,1,1,9,9,1
"Mayol Bouchon, Luis",-1,-1,-1,-1,1,1,-1,-1,1,-1,1,-1,-1,-1,0,0,1,1,1,1,-1,0,-1,-1,1,1,1,0,-1,-1,-1,-1,0,-1,1,-1,0,1,1,1,0,0,1,-1,0,-1,0,0,0,1,-1,1,0,-1,-1,0,-1,-1,-1,-1,-1,-1,-1,-1,-1,9,0,-1,-1,-1,0,1,1,1,1,-1,1,1,1,-1,0,1,1,1,0,-1,-1,1,-1,0,-1,-1,1,-1,1,-1,1,1,-1,-1,1,-1,1,-1,-1,1,-1,-1,1,1,1,1,-1,1,1,1,-1,1,1,-1,1,1,1,1,1,0,1,1,0,-1,1,-1,1,1,1,1,-1,1,1,-1,-1,-1,-1,1,-1
"Mella Escobar, Jeniffer",1,0,1,1,1,-1,-1,1,1,1,1,1,-1,-1,1,1,-1,-1,1,-1,1,1,-1,-1,-1,1,-1,0,-1,0,0,0,0,0,1,1,1,1,1,1,1,1,-1,1,1,1,1,1,1,-1,1,-1,1,-1,-1,1,-1,1,1,-1,1,-1,-1,-1,1,-1,1,1,1,1,-1,-1,-1,-1,-1,1,0,1,1,1,1,0,1,-1,1,1,-1,-1,-1,1,-1,1,1,1,1,1,1,-1,-1,-1,1,1,1,1,-1,1,-1,-1,1,1,1,1,1,1,1,-1,1,-1,-1,-1,-1,-1,1,1,-1,-1,-1,1,-1,-1,1,1,-1,-1,-1,-1,1,-1,1,1,1,1,1,-1,1
"Mena Villar, Felipe",-1,-1,9,-1,1,1,-1,-1,1,-1,1,-1,-1,-1,-1,0,1,1,1,1,-1,0,-1,-1,1,1,1,-1,-1,-1,-1,1,-1,-1,1,-1,1,1,1,1,0,-1,1,0,1,-1,1,1,0,1,-1,1,0,-1,0,1,-1,-1,0,-1,0,-1,0,0,-1,1,1,0,0,0,1,1,1,1,1,-1,1,1,1,-1,1,1,1,1,0,0,-1,1,-1,1,-1,-1,1,-1,1,-1,1,1,-1,-1,1,-1,1,-1,-1,0,-1,-1,1,1,1,1,-1,1,1,1,0,1,1,0,1,1,1,1,1,-1,1,1,0,-1,1,1,1,1,0,1,0,1,1,-1,0,-1,1,1,-1
"Meneses Palma, Janis",1,1,1,1,1,-1,1,-1,1,1,-1,1,1,1,-1,-1,-1,-1,1,-1,1,-1,1,1,-1,1,-1,-1,-1,-1,-1,-1,-1,1,1,1,1,1,1,1,1,1,-1,-1,1,1,1,1,1,-1,-1,-1,1,1,1,-1,1,1,1,1,1,1,-1,-1,1,-1,1,1,1,1,-1,-1,-1,-1,-1,1,-1,1,1,1,1,-1,1,-1,1,1,1,-1,1,-1,1,1,1,1,1,1,-1,1,1,1,1,1,1,1,1,1,1,1,1,1,1,1,1,1,1,-1,1,-1,-1,-1,-1,-1,1,-1,-1,-1,-1,1,-1,-1,1,-1,-1,-1,-1,-1,1,-1,1,1,1,1,1,1,1
"Millabur Ñancuil, Adolfo",1,1,-1,1,1,-1,1,-1,1,1,1,1,9,1,-1,-1,-1,-1,1,-1,1,-1,1,1,-1,1,-1,1,0,1,1,0,0,0,1,1,1,1,1,1,1,1,-1,0,0,1,1,1,1,-1,-1,-1,1,1,1,1,1,1,1,0,1,1,-1,1,1,-1,1,1,1,1,1,-1,-1,-1,-1,1,1,1,1,1,1,0,1,-1,1,1,1,-1,0,1,1,1,1,1,1,1,-1,1,-1,1,1,1,1,1,1,1,1,1,1,1,1,1,1,1,1,-1,1,-1,-1,-1,-1,-1,1,-1,-1,-1,-1,1,-1,1,-1,-1,-1,-1,-1,-1,1,-1,1,1,1,1,1,-1,1
"Miranda Arce, Valentina",1,1,1,-1,1,-1,-1,-1,1,1,-1,1,1,1,-1,-1,-1,-1,-1,-1,1,-1,1,1,-1,1,-1,1,-1,1,1,-1,-1,1,1,1,1,1,1,1,1,1,-1,1,1,1,1,1,1,-1,1,-1,1,1,1,-1,1,1,1,9,-1,1,1,-1,1,-1,1,1,1,1,-1,9,-1,-1,-1,1,-1,1,1,1,1,-1,-1,-1,1,1,1,-1,1,-1,1,1,1,1,1,1,-1,1,1,1,1,1,1,1,1,1,1,1,1,1,1,1,1,1,1,-1,1,1,-1,1,-1,-1,1,1,-1,-1,1,1,-1,-1,1,-1,-1,-1,-1,-1,1,-1,1,1,9,9,1,1,1
"Monckeberg Bruner, Cristian",1,9,-1,-1,1,1,-1,-1,1,-1,0,-1,-1,-1,0,0,1,1,1,1,-1,-1,-1,-1,1,1,1,0,-1,-1,-1,-1,0,0,1,1,1,1,1,1,0,-1,1,0,1,-1,1,1,0,1,0,0,1,0,0,1,-1,0,0,0,0,-1,-1,0,9,1,1,0,1,1,1,9,9,9,9,9,9,9,9,9,9,9,9,9,9,9,-1,9,-1,1,-1,0,1,-1,1,-1,1,1,-1,-1,-1,0,1,0,-1,0,-1,-1,1,1,1,1,-1,1,1,1,1,1,-1,1,-1,0,1,1,-1,0,1,1,-1,-1,1,1,0,0,0,0,0,0,1,-1,1,1,-1,1,-1
"Montealegre Navarro, Katerine",-1,-1,-1,-1,1,1,-1,-1,1,-1,-1,-1,-1,-1,0,0,1,1,1,1,-1,0,-1,-1,1,1,9,9,9,-1,-1,-1,-1,-1,1,-1,0,1,1,-1,0,0,1,0,0,-1,0,-1,-1,1,-1,0,-1,-1,-1,0,-1,-1,-1,-1,-1,-1,-1,-1,-1,1,0,-1,0,-1,-1,1,1,1,1,-1,1,1,1,-1,-1,1,1,1,-1,-1,-1,0,-1,-1,-1,-1,1,-1,0,-1,0,1,-1,-1,1,-1,0,-1,-1,-1,-1,-1,1,1,1,1,-1,1,1,1,-1,1,1,1,1,1,1,1,1,-1,0,1,1,-1,1,1,1,1,1,1,-1,1,1,-1,-1,-1,1,1,-1
"Montero Allende, Ricardo",1,-1,-1,1,1,-1,1,-1,1,1,1,-1,-1,-1,1,-1,-1,-1,1,-1,9,1,-1,-1,-1,1,-1,-1,-1,-1,-1,1,0,0,1,0,1,1,1,1,1,1,-1,1,1,1,1,1,1,-1,-1,-1,1,-1,-1,1,-1,1,1,-1,1,-1,-1,-1,1,-1,1,1,-1,1,-1,-1,-1,-1,-1,-1,1,1,1,1,0,1,1,-1,1,1,1,-1,-1,1,-1,1,1,1,-1,1,1,-1,-1,1,1,0,1,-1,-1,-1,-1,1,1,1,1,1,1,1,1,1,1,-1,-1,1,-1,-1,1,1,-1,-1,1,1,-1,-1,1,1,-1,-1,-1,-1,1,-1,1,0,1,1,1,1,1
"Moreno Echeverría, Alfredo",1,-1,-1,-1,1,1,-1,-1,1,-1,1,-1,-1,-1,0,0,1,1,1,1,-1,0,-1,-1,1,1,1,0,0,-1,-1,0,0,0,1,-1,1,1,1,1,0,-1,1,-1,-1,-1,9,1,-1,1,-1,1,-1,1,-1,9,-1,-1,-1,1,-1,-1,-1,-1,-1,1,1,-1,-1,-1,1,1,1,1,1,-1,1,1,1,-1,1,1,1,1,0,0,-1,1,-1,1,-1,-1,1,-1,1,-1,1,1,-1,-1,1,-1,0,-1,-1,1,-1,-1,1,1,1,1,-1,1,1,1,1,1,1,1,1,1,1,1,1,-1,1,1,-1,-1,1,1,1,1,1,1,-1,1,1,-1,-1,-1,1,1,-1
"Muñoz Leiva, Pedro",1,0,-1,1,1,-1,1,-1,1,1,1,1,-1,-1,1,-1,-1,-1,1,-1,1,1,-1,-1,-1,1,0,0,-1,0,-1,1,0,0,1,1,1,1,1,1,1,1,-1,1,1,1,1,1,1,-1,1,-1,1,-1,-1,1,-1,1,1,-1,1,-1,-1,-1,1,-1,1,1,-1,1,-1,-1,-1,9,-1,-1,1,1,1,1,1,1,1,-1,1,1,1,-1,-1,1,-1,1,1,1,-1,1,1,-1,-1,1,1,0,1,-1,-1,-1,-1,1,1,1,1,1,1,1,1,1,1,-1,-1,1,-1,-1,1,1,-1,-1,-1,1,-1,-1,1,1,-1,-1,-1,-1,1,-1,1,0,1,1,1,1,1
"Namor Kong, Guillermo",1,1,-1,1,1,-1,1,-1,1,1,1,1,1,0,-1,0,-1,1,1,1,-1,-1,-1,1,-1,1,-1,0,-1,0,0,1,-1,1,1,1,1,1,1,1,1,1,1,1,1,1,1,1,1,0,1,1,1,0,0,1,9,1,1,0,1,0,0,-1,9,0,1,1,1,1,-1,0,-1,-1,-1,1,1,1,1,0,1,1,1,-1,1,1,0,-1,0,1,0,1,1,0,1,1,1,-1,-1,-1,1,-1,1,1,1,0,-1,-1,1,1,1,1,1,1,1,1,1,1,-1,1,-1,-1,1,1,1,1,-1,-1,-1,1,1,-1,-1,1,1,-1,-1,-1,1,1,1,1,1,1,0
"Navarrete Arratia, Geoconda",1,0,-1,-1,1,1,9,-1,1,0,1,-1,-1,-1,0,9,1,1,1,1,-1,-1,-1,-1,1,1,1,0,-1,0,-1,0,0,0,1,0,1,1,1,1,1,0,1,0,1,-1,1,1,0,1,-1,1,1,0,0,1,0,0,0,0,0,0,-1,0,-1,1,1,0,1,0,1,1,1,1,1,0,1,1,1,-1,1,1,1,1,0,0,0,1,-1,1,9,-1,1,-1,1,-1,1,1,-1,-1,1,-1,0,0,-1,1,-1,-1,1,1,1,1,0,1,1,1,1,1,-1,1,-1,0,1,0,0,1,-1,1,-1,-1,0,-1,0,-1,1,0,-1,0,1,0,-1,0,1,1,-1
"Neumann Bertin, Ricardo",-1,-1,-1,-1,1,1,-1,-1,1,-1,0,-1,-1,-1,0,0,1,1,1,1,-1,0,-1,-1,1,1,1,-1,-1,-1,-1,0,0,-1,1,-1,0,1,1,1,0,0,1,0,1,0,1,1,0,1,-1,1,0,-1,-1,0,-1,-1,0,1,-1,-1,0,-1,-1,1,0,-1,1,0,0,1,1,1,1,-1,1,1,1,-1,1,1,1,1,0,0,0,1,-1,1,-1,-1,1,-1,1,-1,1,1,-1,-1,1,-1,0,-1,-1,0,-1,-1,1,1,1,1,-1,1,1,1,-1,1,1,1,1,1,1,1,1,0,1,1,1,-1,1,0,1,1,0,1,0,1,1,-1,-1,-1,1,1,-1
"Núñez Gangas, Nicolás",1,1,9,-1,1,-1,-1,-1,1,1,-1,1,1,1,-1,-1,-1,-1,-1,-1,1,-1,1,1,-1,9,-1,-1,-1,0,0,-1,-1,1,1,1,1,1,1,1,1,1,-1,1,1,1,1,1,1,-1,1,-1,1,1,1,0,1,1,1,1,1,1,1,1,0,-1,1,1,1,1,-1,9,9,9,9,-1,-1,1,1,1,1,-1,9,9,9,0,1,9,1,-1,1,1,1,1,1,1,-1,1,1,1,1,1,1,1,1,1,1,1,1,1,1,1,1,1,9,-1,1,1,-1,1,-1,-1,1,1,-1,0,-1,1,-1,0,1,-1,-1,-1,-1,-1,1,-1,1,1,1,1,1,1,1
"Olivares Miranda, Ivanna",1,1,-1,1,1,-1,9,-1,1,1,-1,1,1,1,-1,-1,-1,-1,-1,-1,1,-1,1,1,-1,1,-1,1,-1,1,0,1,0,1,1,1,1,1,1,1,1,1,-1,9,-1,1,1,1,1,-1,9,-1,1,1,-1,-1,1,1,1,1,-1,1,-1,-1,1,-1,1,1,1,1,1,9,-1,-1,-1,1,-1,1,1,1,1,-1,1,-1,1,1,1,-1,-1,-1,1,1,1,1,1,1,-1,1,1,1,1,1,1,1,1,1,1,1,1,1,1,-1,1,1,1,-1,1,1,-1,1,-1,-1,1,-1,-1,-1,1,1,-1,-1,1,-1,-1,1,1,-1,1,-1,1,1,1,1,1,1,1
"Orellana Cuellar, Matías",1,-1,-1,1,1,-1,1,-1,1,1,1,1,-1,-1,1,-1,-1,-1,1,-1,1,1,-1,-1,-1,1,-1,-1,-1,0,-1,1,0,0,1,1,1,1,1,1,1,1,-1,1,1,1,1,1,1,-1,-1,-1,1,-1,-1,1,-1,1,1,-1,1,-1,-1,-1,1,-1,1,1,-1,1,-1,-1,-1,-1,-1,-1,1,1,1,1,1,1,1,-1,1,1,1,-1,-1,1,-1,1,1,1,-1,1,1,-1,-1,1,1,1,1,-1,-1,-1,-1,1,1,1,1,1,1,1,1,-1,1,-1,-1,-1,-1,-1,1,1,-1,-1,1,1,-1,-1,1,1,-1,-1,-1,-1,1,-1,1,0,1,1,1,1,1
"Ossandón Lira, Manuel",1,-1,-1,-1,1,1,9,-1,1,-1,-1,9,-1,9,-1,1,1,1,1,1,-1,-1,-1,-1,1,1,1,-1,-1,-1,-1,9,9,-1,9,-1,1,1,1,1,-1,-1,1,-1,-1,-1,1,1,-1,1,-1,1,0,-1,9,1,-1,-1,0,-1,-1,-1,-1,-1,-1,1,1,-1,1,0,1,1,1,1,1,-1,1,1,-1,-1,-1,1,-1,1,0,-1,-1,1,-1,1,-1,-1,1,-1,1,-1,1,1,-1,-1,-1,-1,-1,-1,-1,1,-1,-1,1,1,1,1,-1,1,1,1,1,1,-1,-1,-1,1,1,1,-1,1,1,1,-1,0,1,1,0,1,0,0,1,0,1,0,1,-1,1,1,-1
"Oyarzún Solis, María José",1,0,1,-1,1,-1,-1,1,1,1,1,1,-1,0,1,1,-1,0,1,-1,1,1,-1,-1,-1,1,-1,0,-1,0,0,0,0,0,1,1,1,1,1,1,1,1,-1,1,1,1,1,1,1,-1,1,-1,1,-1,-1,1,-1,1,1,-1,1,-1,-1,-1,9,-1,9,1,1,1,-1,-1,-1,-1,-1,9,1,1,1,1,1,-1,1,-1,1,1,1,-1,-1,1,-1,1,1,1,1,1,-1,-1,-1,-1,1,1,1,-1,1,1,-1,-1,1,1,1,1,1,1,1,-1,1,1,-1,-1,-1,-1,1,1,-1,-1,-1,1,-1,-1,1,1,-1,-1,-1,-1,1,-1,1,1,1,1,1,-1,1
"Pérez Espina, Alejandra",1,1,-1,1,1,-1,1,-1,1,1,-1,1,1,1,-1,-1,-1,-1,1,-1,1,-1,1,1,-1,1,-1,1,-1,1,1,-1,-1,1,1,1,1,1,1,1,1,1,-1,-1,-1,1,1,1,1,-1,-1,-1,1,1,-1,-1,1,1,1,1,-1,1,-1,-1,1,-1,1,1,1,1,-1,-1,-1,-1,-1,1,-1,1,1,1,1,-1,1,-1,1,1,1,-1,1,-1,1,1,1,1,1,1,-1,1,1,1,1,1,1,1,1,1,1,1,1,1,1,-1,-1,1,1,-1,1,-1,-1,-1,-1,-1,1,-1,-1,-1,-1,1,-1,-1,1,-1,-1,-1,1,-1,1,-1,1,1,1,1,1,1,9
"Pinto Solari, Malucha",1,1,-1,1,1,-1,1,-1,1,1,1,1,-1,-1,1,-1,-1,-1,-1,-1,1,-1,-1,-1,-1,1,-1,0,-1,9,0,1,0,0,1,1,1,1,1,1,1,1,-1,1,1,1,1,1,1,-1,-1,-1,1,-1,-1,1,-1,1,1,-1,1,-1,-1,-1,1,-1,1,1,-1,1,-1,-1,-1,-1,-1,1,1,1,1,1,1,1,1,-1,1,1,1,-1,-1,1,-1,1,1,1,-1,1,1,-1,0,1,1,1,1,0,0,-1,-1,1,1,1,1,1,1,1,1,-1,1,-1,-1,1,-1,-1,1,0,-1,-1,1,1,-1,1,1,-1,-1,-1,-1,-1,1,-1,1,1,1,1,1,1,1
"Politzer Kerekes, Patricia",1,1,-1,1,1,-1,1,-1,1,1,1,1,-1,-1,-1,0,-1,0,1,1,-1,-1,-1,1,-1,1,-1,0,-1,0,0,1,0,0,1,0,1,1,1,1,1,1,0,0,1,1,1,1,1,0,0,0,1,0,-1,1,0,1,1,0,1,0,0,-1,1,0,1,1,1,1,-1,-1,-1,-1,-1,-1,1,1,1,0,1,1,1,-1,1,1,-1,-1,-1,1,-1,1,1,0,0,1,1,-1,-1,-1,1,1,1,0,-1,0,-1,-1,1,1,1,1,1,1,1,-1,1,1,-1,1,-1,-1,1,1,0,1,-1,-1,-1,1,1,-1,-1,-1,-1,-1,-1,-1,1,1,1,1,1,1,0
"Portilla Barrios, Ericka",1,1,-1,-1,1,-1,-1,-1,1,1,-1,1,1,1,-1,-1,-1,-1,-1,-1,1,-1,1,1,-1,1,-1,0,0,0,0,-1,1,1,1,1,1,1,1,1,1,1,-1,1,1,1,1,1,1,-1,1,-1,1,1,1,0,1,1,1,1,-1,1,1,-1,1,-1,1,1,1,1,-1,-1,-1,-1,-1,1,-1,1,1,1,1,-1,-1,-1,1,-1,1,-1,1,-1,0,1,1,1,1,1,-1,1,1,1,1,1,1,1,1,1,1,1,1,1,1,1,1,1,1,-1,1,-1,-1,1,-1,-1,1,1,-1,1,-1,1,-1,-1,-1,-1,-1,-1,-1,-1,1,-1,1,1,1,1,1,1,1
"Pustilnick Arditi, Tammy",1,1,9,1,1,-1,1,-1,1,1,1,1,-1,-1,-1,1,-1,-1,1,1,-1,-1,-1,1,-1,1,9,0,-1,9,9,9,0,0,9,9,1,1,1,1,1,1,1,1,1,1,1,1,1,-1,1,-1,1,-1,-1,1,1,1,0,-1,1,-1,-1,-1,1,-1,1,1,1,1,-1,-1,-1,-1,-1,-1,1,1,1,0,9,1,1,-1,1,1,-1,-1,-1,1,-1,0,1,0,-1,1,1,1,-1,-1,1,-1,1,1,-1,0,-1,-1,1,1,1,1,1,1,1,1,1,1,-1,1,-1,-1,1,1,0,1,1,-1,-1,-1,-1,-1,-1,1,1,0,-1,1,1,1,1,1,1,1,0
"Quinteros Cáceres, María Elisa",1,1,-1,1,1,-1,1,-1,1,1,-1,1,1,1,-1,-1,-1,-1,-1,-1,1,-1,1,1,-1,1,-1,-1,-1,-1,-1,-1,-1,1,1,1,1,1,1,1,1,1,-1,-1,1,1,1,1,1,-1,-1,-1,1,1,1,-1,1,1,1,1,1,1,-1,-1,1,-1,1,1,1,1,-1,-1,-1,-1,-1,1,-1,1,1,1,1,-1,1,-1,1,1,1,-1,1,-1,1,1,1,1,1,1,-1,1,1,1,1,1,1,1,1,1,1,1,1,1,1,1,1,1,1,-1,1,-1,-1,-1,-1,-1,1,-1,-1,-1,1,1,-1,-1,1,-1,-1,-1,-1,-1,1,-1,1,1,1,1,1,1,1
"Rebolledo Aguirre, Bárbara",1,-1,-1,-1,1,1,-1,-1,1,-1,1,-1,-1,-1,0,0,1,1,1,1,-1,0,-1,-1,1,1,1,1,0,-1,-1,1,0,0,1,-1,1,1,1,1,0,0,1,-1,1,0,1,1,0,1,-1,1,0,0,-1,1,0,-1,0,1,0,-1,0,-1,-1,1,-1,-1,-1,-1,1,1,1,1,1,-1,1,1,1,-1,1,1,1,1,0,0,-1,1,-1,1,-1,-1,1,-1,1,-1,1,1,-1,-1,1,-1,1,-1,-1,1,-1,-1,1,1,1,1,-1,1,1,1,1,1,1,1,-1,1,1,1,1,-1,1,1,-1,-1,1,1,1,1,1,1,1,1,1,-1,1,-1,1,1,-1
"Reyes Painequeo, María Ramona",1,-1,-1,1,1,-1,1,-1,1,1,1,-1,-1,-1,1,-1,-1,-1,1,-1,1,1,-1,-1,-1,1,-1,1,0,1,1,1,1,0,1,1,1,1,1,1,1,1,-1,1,1,1,1,1,1,-1,-1,-1,1,-1,-1,1,-1,1,-1,-1,1,-1,-1,-1,1,-1,1,1,1,1,-1,-1,-1,-1,-1,-1,1,1,1,1,0,1,1,-1,1,1,1,-1,-1,1,-1,1,1,1,-1,1,1,-1,-1,1,1,-1,1,-1,-1,-1,-1,1,1,1,1,1,1,1,1,-1,1,1,-1,1,-1,-1,-1,-1,-1,-1,1,1,-1,-1,1,1,-1,-1,-1,-1,1,-1,1,1,1,1,1,1,1
"Rivera Bigas, Pollyana",1,-1,-1,-1,1,1,-1,-1,1,-1,-1,-1,-1,0,0,0,1,1,1,1,-1,0,-1,-1,1,1,1,-1,-1,-1,1,0,-1,-1,1,-1,1,1,1,1,1,-1,1,0,1,-1,1,1,-1,1,-1,1,1,-1,0,1,-1,-1,0,0,-1,-1,-1,-1,-1,1,1,-1,0,-1,1,1,1,1,1,0,1,1,1,0,1,1,0,1,0,-1,-1,1,-1,0,-1,0,0,-1,0,-1,1,1,-1,-1,1,-1,0,-1,-1,1,-1,-1,1,1,1,1,-1,1,-1,1,-1,1,1,-1,1,1,1,1,1,-1,1,1,1,-1,1,1,1,1,0,1,1,1,1,-1,-1,0,1,1,-1
"Rivera Iribarren, María Magdalena",1,1,-1,1,1,-1,1,-1,1,1,-1,1,1,1,-1,-1,-1,-1,0,-1,1,-1,1,1,-1,9,-1,0,-1,0,0,0,-1,0,1,1,1,1,1,1,1,1,-1,-1,-1,1,1,1,1,-1,0,-1,0,1,1,-1,1,1,1,1,-1,1,-1,1,1,-1,1,1,1,1,-1,-1,-1,-1,-1,1,-1,1,1,1,1,-1,1,-1,0,1,1,-1,-1,-1,1,1,1,1,1,1,-1,1,1,1,1,1,1,1,1,1,1,1,1,-1,1,-1,0,1,-1,-1,1,-1,-1,0,-1,-1,1,0,-1,0,0,1,-1,-1,1,-1,-1,1,1,-1,1,-1,1,1,1,1,1,-1,1
"Roa Cadin, Giovanna",1,1,1,1,1,-1,1,1,1,1,1,1,-1,1,1,1,-1,-1,1,-1,1,1,-1,-1,-1,1,-1,0,-1,0,0,0,0,0,1,1,1,9,1,1,1,1,-1,1,1,1,1,1,1,-1,1,-1,1,-1,-1,1,-1,1,1,-1,1,-1,-1,-1,1,-1,1,1,1,1,-1,-1,-1,-1,-1,1,0,1,1,1,1,-1,1,-1,1,1,1,-1,-1,1,1,1,1,1,1,1,-1,-1,-1,-1,1,1,1,1,1,1,-1,-1,1,1,1,1,1,1,1,-1,1,1,-1,-1,-1,-1,1,1,-1,-1,-1,1,-1,-1,1,1,-1,-1,-1,-1,1,-1,1,1,1,1,1,-1,1
"Rojas Vade, Rodrigo",1,1,-1,1,1,-1,1,-1,1,1,-1,1,1,1,-1,-1,-1,-1,-1,-1,1,-1,1,1,-1,1,-1,1,-1,1,1,-1,0,1,1,1,1,1,1,1,1,1,-1,-1,0,1,1,1,1,-1,-1,-1,-1,1,1,-1,1,1,1,1,-1,1,-1,-1,1,-1,1,1,1,1,-1,-1,-1,-1,-1,1,1,1,1,1,1,0,1,-1,1,-1,1,-1,-1,-1,1,1,1,1,1,1,-1,1,1,1,1,1,1,1,1,1,1,1,1,1,1,-1,1,1,-1,0,1,1,0,1,-1,-1,1,0,-1,-1,-1,1,-1,-1,1,-1,-1,-1,1,-1,1,-1,1,1,1,1,1,-1,0
"Royo Letelier, Manuela",1,1,-1,1,1,-1,1,-1,1,1,1,1,1,1,-1,-1,-1,-1,1,-1,1,-1,1,1,-1,1,-1,1,-1,1,1,1,1,1,1,1,1,1,1,1,1,1,-1,-1,1,1,1,9,1,-1,9,-1,9,1,1,-1,1,1,1,1,1,1,-1,1,1,-1,1,1,1,1,1,-1,-1,-1,-1,1,-1,1,1,1,1,-1,1,-1,1,1,1,-1,1,1,1,1,1,1,1,1,-1,1,-1,1,1,1,1,1,1,1,1,1,1,1,1,1,1,1,-1,-1,1,-1,-1,-1,-1,-1,1,-1,-1,1,-1,1,-1,-1,1,-1,-1,-1,-1,-1,1,-1,1,1,1,1,1,1,1
"Saldaña Muñoz, Alvin",1,1,1,1,1,-1,1,-1,1,1,-1,1,1,1,-1,-1,-1,-1,-1,-1,1,-1,1,1,-1,1,-1,1,-1,0,0,-1,-1,1,1,1,1,1,1,1,1,1,-1,-1,-1,1,1,1,1,-1,-1,-1,1,1,1,1,1,1,1,1,1,1,-1,-1,1,-1,1,1,1,1,1,-1,-1,-1,-1,1,-1,1,1,1,1,-1,1,-1,1,1,1,-1,1,-1,1,1,1,1,1,1,-1,1,1,1,1,1,1,1,1,1,1,1,1,1,1,1,1,1,1,-1,1,-1,-1,-1,-1,-1,1,-1,-1,-1,-1,1,-1,-1,1,-1,-1,-1,-1,-1,1,-1,1,1,1,1,1,1,1
"Salinas Manfredini, Fernando",1,1,1,1,1,-1,1,-1,1,1,0,1,1,1,-1,-1,-1,-1,0,-1,1,-1,1,1,-1,1,9,9,9,9,9,9,9,9,9,9,9,9,9,9,9,9,9,9,9,9,9,9,9,9,9,9,9,9,9,9,9,9,9,9,9,9,9,9,9,9,9,9,9,9,9,9,9,9,9,9,9,9,9,9,9,9,9,9,9,9,9,9,9,9,9,9,9,9,9,9,9,1,1,1,1,1,1,1,1,1,1,1,1,1,1,1,1,1,1,-1,1,1,-1,1,-1,-1,1,-1,-1,1,-1,1,-1,1,1,-1,-1,1,1,-1,1,-1,1,1,1,1,1,1,-1
"San Juan Standen, Constanza",1,1,1,1,1,-1,1,-1,1,1,-1,1,1,1,-1,-1,-1,-1,-1,-1,1,-1,1,1,-1,1,-1,0,-1,0,-1,-1,-1,1,1,1,1,1,1,1,1,1,-1,-1,-1,1,1,1,1,-1,-1,-1,1,1,1,-1,1,1,1,1,1,1,-1,-1,1,-1,1,1,1,1,-1,-1,-1,-1,-1,1,-1,1,1,1,1,-1,1,-1,1,1,1,-1,1,0,1,1,1,1,1,1,-1,1,1,1,1,1,1,1,1,1,1,1,1,1,1,1,1,0,-1,0,1,-1,-1,1,-1,-1,1,-1,9,0,0,1,-1,-1,1,-1,-1,-1,1,-1,1,-1,1,1,1,1,1,1,1
"Sánchez Muñoz, Beatriz",1,1,1,1,1,-1,-1,1,1,-1,1,1,-1,-1,1,1,-1,-1,1,-1,-1,1,-1,-1,-1,1,-1,0,-1,0,0,0,0,0,1,1,1,1,1,1,1,1,-1,1,1,1,1,1,1,-1,1,-1,1,-1,-1,1,-1,1,1,-1,1,-1,-1,-1,1,-1,1,1,1,1,-1,-1,-1,-1,-1,1,0,1,1,1,1,-1,1,-1,1,1,1,-1,-1,1,-1,1,1,1,1,1,-1,-1,-1,-1,1,1,1,1,1,1,-1,-1,1,1,1,1,1,1,1,-1,1,1,-1,-1,-1,-1,1,1,-1,-1,-1,1,-1,-1,1,1,-1,-1,-1,-1,1,-1,1,1,1,1,1,-1,1
"Schonhaut Soto, Constanza",1,1,9,1,1,-1,-1,1,1,1,1,1,-1,0,1,1,-1,-1,1,-1,1,1,-1,-1,-1,1,-1,0,-1,0,0,0,0,0,1,1,1,1,1,1,1,1,-1,1,1,1,1,1,1,-1,1,-1,1,-1,-1,1,-1,1,1,-1,1,-1,-1,-1,1,-1,1,1,1,1,-1,-1,-1,-1,-1,1,0,1,1,1,1,-1,1,-1,1,1,1,-1,-1,1,1,1,1,1,1,1,-1,-1,-1,-1,1,1,1,1,1,1,-1,-1,1,1,1,1,1,1,1,-1,1,0,-1,-1,-1,-1,1,1,-1,-1,-1,1,-1,-1,1,1,-1,-1,-1,-1,1,-1,1,1,1,1,1,-1,1
"Sepúlveda Hales, Bárbara",1,1,1,-1,1,-1,-1,-1,1,1,-1,1,1,1,-1,-1,-1,-1,-1,-1,1,-1,1,1,-1,1,-1,1,-1,1,1,-1,-1,1,1,1,1,1,1,1,1,1,-1,1,1,1,1,1,1,-1,1,-1,1,1,1,-1,1,1,1,1,-1,1,1,1,1,-1,1,1,1,1,-1,-1,-1,-1,-1,1,-1,1,1,1,1,-1,-1,-1,1,1,1,-1,1,-1,1,1,1,1,1,1,-1,1,1,1,1,1,1,1,1,1,1,1,1,1,1,1,1,1,1,-1,1,1,1,1,-1,-1,1,1,-1,-1,1,1,-1,-1,1,-1,-1,1,-1,-1,1,-1,1,1,1,1,1,-1,1
"Sepúlveda Sepúlveda, Carolina",1,1,-1,1,1,-1,1,-1,1,1,1,1,-1,-1,-1,0,-1,-1,1,1,-1,-1,-1,0,-1,1,0,1,0,0,1,1,0,0,1,0,1,1,1,1,0,1,-1,-1,1,0,1,1,1,1,1,-1,1,-1,-1,1,-1,1,0,-1,1,-1,1,-1,1,9,1,1,-1,1,-1,0,1,-1,9,-1,1,1,1,0,0,1,1,-1,1,1,0,-1,-1,1,-1,1,1,0,-1,1,1,-1,0,-1,1,-1,1,-1,-1,0,-1,-1,1,1,1,1,1,1,1,1,1,0,-1,1,-1,-1,1,1,-1,1,-1,-1,-1,-1,-1,-1,-1,-1,-1,-1,0,-1,1,0,1,1,1,-1,-1
"Serey Jiménez, Mariela",1,1,1,1,1,-1,1,1,1,1,1,1,-1,1,1,1,-1,1,1,-1,1,1,-1,-1,-1,1,-1,0,-1,0,0,0,0,0,1,1,1,1,1,1,1,1,-1,0,1,1,1,1,1,-1,0,-1,1,-1,-1,1,-1,1,1,-1,1,-1,-1,-1,1,-1,1,1,1,1,-1,-1,-1,-1,-1,1,0,1,1,1,1,-1,1,-1,1,1,1,-1,-1,1,1,1,1,1,1,1,-1,-1,-1,-1,1,1,1,1,1,1,-1,-1,1,1,1,1,1,1,1,-1,1,1,-1,-1,-1,-1,-1,1,-1,-1,-1,1,-1,-1,1,1,-1,-1,-1,-1,1,-1,1,1,1,1,1,-1,1
"Silva Mora, Luciano",-1,-1,-1,-1,1,1,-1,-1,1,-1,0,-1,-1,-1,9,0,1,1,1,1,-1,0,-1,-1,1,1,0,1,0,0,0,0,0,-1,1,-1,1,1,1,1,-1,-1,1,0,0,-1,1,-1,0,1,0,9,-1,0,0,1,0,0,0,0,0,0,0,0,-1,1,0,0,1,0,1,1,1,1,0,-1,1,1,1,-1,1,1,1,1,0,0,1,1,-1,1,-1,0,1,-1,1,-1,1,1,-1,-1,1,-1,1,-1,-1,-1,-1,-1,1,1,1,1,0,1,1,1,1,1,-1,-1,-1,0,1,1,-1,1,1,1,-1,0,1,-1,-1,1,0,0,1,1,1,-1,-1,-1,-1,1,-1
"Squella Narducci, Agustín",9,9,9,9,-1,0,1,-1,1,-1,0,-1,-1,-1,1,1,-1,1,1,1,0,0,-1,1,-1,1,0,0,0,0,0,-1,0,1,0,1,1,1,1,0,0,0,0,0,0,0,1,0,0,0,0,1,1,0,0,1,0,0,0,0,0,0,0,0,0,0,1,0,1,1,0,0,1,-1,-1,-1,1,1,0,0,-1,1,1,0,0,0,0,-1,-1,1,-1,1,1,-1,0,-1,1,-1,9,0,1,1,1,-1,-1,1,-1,-1,1,1,1,1,1,1,1,-1,1,1,-1,-1,1,-1,1,1,1,1,1,1,-1,1,1,1,-1,1,1,-1,1,1,1,0,1,0,1,1,1
"Stingo Camus, Daniel",1,1,1,1,1,-1,1,1,1,1,1,1,-1,1,1,1,-1,1,1,-1,1,1,-1,-1,-1,1,-1,0,-1,0,0,0,0,0,1,1,1,1,1,1,1,1,-1,1,1,1,1,1,1,-1,1,-1,1,-1,-1,1,-1,1,1,-1,1,-1,-1,-1,1,-1,1,1,1,1,-1,-1,-1,-1,-1,-1,1,1,1,1,1,-1,1,-1,1,1,1,-1,-1,1,-1,1,1,1,1,1,-1,-1,-1,-1,1,1,1,-1,1,1,-1,-1,1,1,1,1,1,1,1,-1,1,1,-1,-1,-1,-1,1,1,-1,-1,-1,1,-1,-1,1,1,-1,-1,-1,-1,1,-1,1,1,1,1,1,-1,1
"Tepper Kolossa, María Angélica",-1,-1,-1,-1,1,1,-1,-1,1,-1,-1,-1,-1,-1,1,0,1,1,1,1,-1,-1,-1,-1,1,1,1,0,-1,0,0,1,0,-1,1,-1,1,1,1,1,-1,-1,1,-1,-1,-1,1,-1,-1,1,-1,1,-1,-1,-1,0,-1,-1,-1,-1,-1,-1,-1,-1,-1,1,1,-1,1,0,1,1,1,1,1,-1,1,1,1,-1,1,1,1,1,-1,-1,-1,1,-1,1,-1,-1,1,-1,1,-1,1,1,-1,-1,-1,-1,1,-1,-1,-1,-1,-1,1,1,1,1,-1,1,1,1,1,1,-1,-1,1,1,1,1,-1,-1,1,1,-1,-1,1,1,-1,1,0,1,1,1,1,-1,1,-1,1,1,-1
"Tirado Soto, Fernando",1,1,-1,1,1,-1,1,-1,1,1,-1,1,1,1,-1,-1,-1,-1,1,-1,1,-1,1,1,-1,1,-1,1,-1,1,1,0,0,1,1,1,1,1,1,1,1,1,-1,-1,1,1,1,1,1,-1,1,-1,-1,1,1,-1,1,1,1,1,-1,1,-1,-1,1,-1,1,1,1,1,-1,-1,-1,-1,-1,1,-1,1,1,1,1,-1,1,-1,1,-1,1,-1,1,-1,1,1,1,1,1,1,-1,1,1,1,1,1,1,1,1,1,1,1,1,1,1,1,1,1,1,-1,1,-1,-1,-1,-1,-1,1,-1,-1,-1,-1,1,-1,-1,-1,-1,-1,-1,-1,-1,1,-1,1,1,1,1,1,1,1
"Toloza Fernández, Pablo",-1,-1,9,-1,1,1,-1,-1,1,-1,1,-1,-1,-1,-1,0,1,1,1,1,-1,0,-1,-1,1,1,1,-1,-1,-1,-1,0,-1,-1,1,-1,1,1,1,1,0,-1,1,-1,0,-1,1,0,-1,1,-1,1,-1,-1,-1,0,-1,-1,0,1,0,-1,-1,-1,-1,1,1,-1,1,-1,1,1,1,1,1,-1,1,1,1,-1,0,1,1,1,0,0,-1,1,-1,1,-1,-1,1,-1,1,-1,1,1,-1,-1,1,-1,1,-1,-1,1,-1,-1,1,1,1,1,-1,1,1,1,1,1,1,-1,1,0,1,1,1,-1,1,1,0,1,1,-1,1,0,0,1,0,1,1,0,0,-1,1,1,-1
"Ubilla Pérez, María Cecilia",-1,-1,9,-1,1,1,-1,-1,1,-1,0,-1,-1,-1,0,0,1,1,1,1,-1,0,-1,-1,1,1,1,-1,-1,-1,-1,-1,-1,-1,1,0,0,1,1,1,0,-1,1,-1,0,0,1,-1,-1,1,-1,-1,-1,-1,-1,0,-1,-1,-1,9,-1,-1,-1,-1,-1,1,0,-1,-1,-1,1,1,1,1,1,-1,1,1,1,-1,-1,1,1,1,-1,-1,-1,1,-1,1,-1,-1,1,-1,1,-1,1,1,-1,-1,1,-1,0,-1,-1,-1,-1,-1,1,1,1,1,-1,1,1,1,1,1,1,1,1,1,1,1,1,-1,1,1,1,-1,1,1,1,1,1,1,-1,9,1,-1,-1,-1,1,1,-1
"Uribe Araya, César",1,1,-1,1,1,-1,1,9,1,1,-1,1,1,1,-1,-1,-1,-1,-1,-1,1,-1,1,1,-1,1,-1,1,-1,1,0,1,0,0,1,1,1,1,1,1,1,1,-1,0,0,1,1,1,1,-1,-1,-1,0,1,1,0,1,1,1,1,1,1,-1,1,9,9,1,1,1,1,-1,-1,-1,-1,-1,1,0,1,1,1,1,0,1,-1,1,1,1,-1,1,-1,1,1,1,1,1,1,-1,1,1,1,1,1,1,1,1,1,1,1,1,1,1,-1,1,9,1,-1,1,1,-1,1,-1,-1,1,-1,1,1,0,1,-1,1,1,-1,-1,-1,1,-1,1,-1,1,1,1,1,1,1,0
"Urrutia Herrera, Tatiana",1,1,1,1,1,-1,1,1,1,1,1,1,-1,1,1,1,-1,-1,1,-1,1,1,-1,-1,-1,1,-1,0,-1,0,0,0,0,0,1,1,1,1,1,1,0,1,-1,1,1,1,1,1,1,-1,1,-1,1,-1,-1,1,-1,1,1,-1,1,-1,-1,-1,1,-1,1,1,1,1,-1,9,-1,-1,-1,1,0,1,1,1,9,-1,1,-1,1,1,1,-1,-1,1,-1,1,1,1,1,1,-1,-1,-1,-1,1,1,1,1,1,1,-1,-1,1,1,1,1,1,1,1,-1,1,1,-1,-1,-1,-1,1,1,-1,-1,-1,1,-1,-1,1,1,-1,-1,-1,-1,1,-1,1,1,1,1,1,-1,1
"Valenzuela Maass, César",1,-1,-1,1,1,-1,1,-1,1,1,1,-1,-1,-1,1,-1,-1,-1,1,-1,1,1,-1,-1,-1,1,-1,-1,-1,-1,-1,9,0,0,1,0,1,1,1,1,1,1,-1,1,1,1,1,1,1,-1,-1,-1,1,-1,-1,1,-1,1,1,-1,1,-1,-1,-1,1,-1,1,1,-1,1,-1,-1,-1,-1,-1,-1,1,1,1,1,0,1,1,-1,1,1,1,-1,-1,1,-1,1,1,1,-1,1,1,-1,-1,1,1,0,1,-1,-1,0,-1,1,1,1,1,1,1,1,1,1,1,-1,-1,1,-1,-1,1,1,-1,-1,-1,1,-1,-1,1,1,-1,-1,-1,-1,1,-1,1,0,1,1,1,1,1
"Valenzuela Rio, Paulina",1,1,9,1,1,-1,1,-1,1,1,1,1,-1,-1,-1,1,-1,-1,1,1,-1,-1,-1,1,-1,1,-1,1,-1,1,1,1,1,9,1,1,1,1,1,1,1,1,-1,-1,1,1,1,1,1,-1,-1,-1,1,-1,-1,1,-1,0,0,-1,1,-1,-1,-1,1,-1,1,1,1,1,0,-1,-1,-1,-1,-1,1,1,0,0,0,1,1,0,1,1,0,-1,0,1,0,1,1,0,-1,1,1,-1,0,0,1,-1,1,-1,0,0,-1,-1,1,1,1,1,1,1,1,-1,1,0,-1,1,-1,-1,1,1,-1,1,-1,-1,-1,-1,-1,-1,-1,-1,-1,-1,-1,-1,1,1,1,1,1,-1,-1
"Vallejos Dávila, Loreto",1,1,-1,1,1,-1,1,-1,1,1,-1,1,1,1,-1,-1,-1,-1,-1,-1,1,-1,1,1,-1,1,-1,-1,-1,-1,-1,-1,-1,1,1,1,1,1,1,1,1,1,-1,-1,-1,1,1,1,1,-1,-1,-1,1,1,1,-1,1,1,1,1,1,1,-1,-1,1,-1,1,1,1,1,-1,-1,-1,-1,-1,1,-1,1,1,1,1,9,1,-1,1,1,1,-1,1,-1,1,1,1,1,1,1,-1,1,1,1,1,1,1,1,1,1,1,1,1,1,1,-1,1,1,1,-1,1,1,-1,1,-1,-1,1,-1,-1,-1,1,1,-1,-1,1,-1,-1,1,1,-1,1,-1,1,1,1,1,1,1,1
"Vargas López, Margarita",1,1,9,1,1,-1,1,-1,1,1,-1,1,1,1,-1,-1,-1,-1,-1,-1,1,-1,1,1,-1,1,-1,1,-1,1,1,1,0,1,1,1,1,1,1,1,1,1,-1,1,-1,1,9,9,1,-1,-1,-1,-1,1,1,1,1,1,1,1,-1,1,-1,-1,1,-1,1,1,1,1,9,-1,-1,-1,-1,1,1,1,1,9,1,-1,9,-1,1,1,1,-1,1,-1,1,1,1,1,1,1,-1,1,1,1,1,1,-1,1,1,1,1,1,1,1,1,1,1,1,1,-1,1,1,-1,-1,-1,-1,1,-1,-1,1,0,1,-1,-1,-1,-1,-1,-1,-1,-1,1,-1,1,1,1,1,1,1,1
"Vargas Vidal, Mario",1,1,-1,1,1,-1,1,-1,1,1,1,-1,-1,-1,1,-1,-1,-1,1,-1,1,1,-1,-1,-1,1,-1,0,0,0,0,1,0,1,1,1,1,1,1,1,1,1,-1,1,1,1,1,1,1,-1,-1,-1,1,-1,-1,1,-1,1,-1,-1,1,-1,-1,-1,1,-1,1,1,-1,1,-1,-1,-1,-1,1,-1,1,1,1,1,-1,1,1,-1,1,1,1,-1,-1,1,-1,1,1,1,-1,1,1,1,1,1,1,1,1,-1,-1,-1,-1,1,1,1,1,1,1,1,1,1,1,-1,-1,-1,-1,-1,1,1,-1,-1,1,1,-1,-1,1,1,-1,-1,-1,-1,1,-1,1,1,1,1,1,1,9
"Vega Campusano, Roberto",-1,-1,-1,-1,1,1,-1,-1,1,-1,1,-1,-1,-1,-1,1,1,1,1,1,-1,-1,-1,-1,1,1,1,1,0,0,-1,1,0,0,1,0,0,1,1,1,1,0,1,0,1,-1,1,1,-1,1,-1,1,-1,-1,-1,0,-1,-1,-1,1,-1,-1,-1,-1,-1,1,0,-1,0,-1,-1,1,1,1,-1,-1,1,1,1,-1,-1,1,1,1,0,-1,-1,1,-1,1,-1,-1,1,0,0,-1,1,1,-1,-1,1,-1,1,0,0,-1,-1,-1,1,1,1,1,-1,1,1,1,1,1,0,0,0,0,1,1,1,-1,0,1,1,1,1,1,1,0,0,0,-1,1,1,-1,0,-1,1,1,0
"Velásquez Núñez, Hernán",1,1,1,-1,1,-1,1,-1,1,1,-1,1,1,1,-1,-1,-1,-1,-1,-1,1,-1,1,1,-1,1,-1,1,-1,1,1,-1,-1,1,1,1,1,1,1,1,1,1,-1,1,1,1,1,1,1,-1,1,-1,1,1,1,0,1,1,1,1,-1,1,1,1,1,-1,1,1,1,1,-1,-1,-1,-1,-1,1,-1,1,1,1,1,-1,1,-1,1,-1,1,-1,1,-1,1,1,1,1,1,1,-1,1,-1,1,1,1,1,1,-1,1,1,1,1,1,1,1,1,1,1,-1,1,1,-1,1,-1,-1,1,1,-1,1,-1,1,-1,1,1,-1,-1,-1,-1,-1,1,-1,1,1,1,1,1,1,1
"Veloso Muñoz, Paulina",1,-1,-1,0,1,1,-1,-1,1,-1,0,-1,-1,-1,0,0,1,1,1,1,-1,0,-1,-1,1,1,9,9,9,0,0,1,0,0,1,-1,1,9,9,9,0,0,1,9,9,9,1,1,-1,1,-1,1,0,0,0,1,-1,-1,0,1,0,-1,-1,-1,0,1,1,0,1,0,1,1,1,1,1,0,1,1,1,0,1,1,1,1,-1,0,-1,1,-1,1,-1,0,1,0,1,-1,1,1,-1,-1,1,0,1,-1,-1,-1,-1,-1,1,1,1,1,-1,1,1,0,1,1,-1,1,0,1,1,1,1,1,1,1,-1,0,1,0,0,1,0,1,0,0,1,-1,0,-1,1,1,-1
"Vergara Riquelme, Lisette",1,1,0,1,1,-1,1,-1,1,1,-1,1,9,1,-1,-1,-1,-1,-1,9,1,-1,1,1,-1,1,-1,1,0,0,0,1,0,1,1,1,1,1,1,1,1,1,-1,-1,-1,1,1,1,1,9,-1,-1,1,1,9,-1,1,1,1,1,1,1,-1,1,1,-1,1,1,1,1,1,-1,-1,-1,-1,1,0,1,1,1,1,-1,1,-1,1,1,1,-1,0,1,1,1,1,1,1,1,-1,1,1,1,1,0,1,0,-1,1,1,1,1,1,1,-1,1,1,-1,1,1,1,0,1,-1,-1,1,-1,-1,1,1,1,1,1,1,-1,-1,-1,1,-1,1,-1,1,1,1,1,1,1,1
"Vidal Hernández, Loreto",1,1,9,1,1,-1,1,-1,1,1,1,1,1,1,-1,-1,-1,-1,0,-1,1,-1,1,1,-1,1,-1,0,-1,1,1,-1,1,1,1,1,1,1,1,1,1,1,-1,1,1,1,1,1,1,-1,-1,-1,1,1,-1,1,1,1,1,1,-1,1,-1,-1,1,-1,1,1,1,1,-1,9,-1,-1,-1,1,1,1,9,1,9,-1,1,-1,1,1,1,-1,1,1,1,1,1,1,1,1,-1,1,-1,1,1,1,1,1,1,1,-1,1,1,1,1,1,1,1,1,1,1,1,-1,1,-1,-1,1,-1,-1,1,1,-1,-1,1,-1,-1,-1,1,-1,-1,1,-1,1,-1,1,1,1,1,9
"Videla Osorio, Carolina",1,1,1,-1,1,-1,-1,-1,1,1,-1,1,1,1,-1,-1,-1,-1,-1,-1,1,-1,1,1,-1,1,-1,1,0,0,0,-1,-1,1,1,1,1,1,1,1,1,1,-1,1,1,1,1,1,1,-1,1,-1,1,1,1,-1,1,1,1,1,-1,1,1,1,-1,-1,1,-1,1,1,-1,-1,-1,-1,-1,1,-1,1,1,1,1,-1,-1,-1,1,-1,1,-1,1,-1,1,1,1,1,1,1,9,1,1,1,1,1,1,1,1,1,1,1,1,1,1,1,1,1,1,-1,1,1,-1,1,-1,-1,1,1,-1,1,1,1,-1,-1,1,-1,-1,-1,-1,-1,1,-1,1,1,1,1,1,1,1
"Viera Álvarez, Christian",1,1,1,1,1,-1,1,1,1,1,1,1,-1,0,1,1,-1,1,1,-1,1,1,-1,-1,-1,1,-1,0,-1,0,0,0,0,0,1,1,1,1,1,1,1,-1,-1,1,1,1,1,1,1,-1,1,-1,1,-1,-1,1,-1,1,1,-1,1,-1,-1,-1,1,-1,1,1,1,1,-1,-1,-1,-1,-1,1,1,1,1,1,1,-1,1,-1,1,1,-1,-1,-1,1,-1,1,1,1,1,1,-1,-1,-1,-1,1,1,1,-1,1,-1,-1,-1,1,1,1,1,1,1,1,-1,1,1,-1,-1,-1,-1,1,1,-1,-1,-1,1,-1,-1,1,1,-1,-1,-1,-1,1,-1,1,1,1,1,1,-1,1
"Vilches Fuenzalida, Carolina",1,1,0,1,1,-1,1,9,1,1,1,1,1,1,-1,-1,-1,-1,1,-1,1,-1,1,1,-1,1,-1,1,-1,1,1,-1,0,1,1,1,1,1,1,1,1,1,-1,-1,1,1,1,1,1,-1,-1,-1,1,1,1,-1,1,1,1,1,1,1,-1,-1,1,-1,1,1,1,1,-1,-1,-1,-1,-1,1,-1,1,1,1,1,-1,1,-1,1,1,1,-1,1,1,1,1,1,1,1,1,-1,1,1,1,1,1,1,1,1,1,1,1,1,1,1,1,1,1,1,-1,1,1,-1,-1,-1,-1,1,1,-1,-1,-1,1,-1,-1,1,-1,-1,-1,-1,-1,1,-1,1,1,1,1,1,-1,1
"Villena Narbona, Ingrid",1,1,-1,1,0,-1,1,-1,1,1,-1,1,1,1,-1,-1,-1,-1,-1,-1,1,-1,1,1,-1,1,-1,1,-1,0,0,1,-1,1,1,1,1,1,1,1,1,1,-1,-1,-1,1,1,1,1,-1,-1,-1,-1,1,-1,-1,1,1,1,1,-1,1,-1,-1,1,-1,1,1,1,1,-1,-1,-1,-1,-1,1,1,1,1,1,1,-1,1,-1,1,1,1,-1,1,-1,1,1,1,1,1,1,-1,1,1,1,1,1,1,1,1,1,1,1,1,1,1,-1,1,1,1,-1,1,-1,-1,1,-1,-1,1,-1,-1,-1,-1,1,-1,-1,1,-1,-1,1,1,-1,1,-1,1,1,1,1,1,1,-1
"Woldarsky González, Manuel",1,1,1,1,1,-1,1,-1,1,1,-1,1,1,1,-1,-1,-1,-1,-1,-1,1,-1,1,1,-1,1,-1,1,-1,1,1,-1,0,1,1,1,1,1,1,1,1,1,-1,-1,-1,1,1,1,1,-1,-1,-1,1,1,1,-1,1,1,1,1,1,1,-1,-1,1,-1,1,1,1,1,-1,-1,-1,-1,-1,1,1,1,1,1,1,-1,1,-1,1,1,1,-1,1,-1,1,1,1,1,1,1,-1,1,1,1,1,1,1,1,1,1,1,1,1,1,1,-1,1,1,-1,-1,1,-1,-1,1,-1,-1,1,-1,-1,-1,-1,1,-1,-1,1,-1,-1,1,1,-1,1,-1,1,1,1,1,1,1,1
"Zárate Zárate, Camila",1,1,9,1,1,-1,1,-1,1,1,-1,1,1,1,-1,-1,-1,-1,-1,-1,1,-1,1,1,-1,1,-1,-1,-1,-1,-1,-1,-1,0,1,0,1,1,1,1,1,1,-1,-1,-1,1,1,1,1,-1,0,-1,1,1,1,-1,1,1,1,1,1,1,-1,1,1,-1,1,1,1,1,-1,-1,-1,-1,-1,1,0,1,1,1,1,0,1,-1,1,1,1,-1,1,-1,1,1,1,1,1,1,-1,1,0,1,1,1,1,1,1,1,1,1,1,1,1,-1,-1,1,-1,-1,1,0,-1,1,-1,-1,1,-1,1,-1,-1,1,-1,-1,1,-1,-1,1,1,0,1,-1,1,1,1,1,1,1,-1
"Zúñiga Jory, Luis Arturo",1,-1,-1,-1,1,1,-1,-1,1,-1,1,-1,-1,-1,0,0,1,1,1,1,-1,0,-1,-1,1,1,-1,-1,-1,-1,-1,-1,-1,-1,-1,-1,1,1,1,-1,-1,-1,1,-1,-1,-1,1,1,-1,1,-1,1,-1,-1,-1,1,-1,-1,-1,-1,-1,-1,-1,-1,-1,1,1,-1,1,-1,1,1,1,1,1,-1,1,1,1,-1,1,1,-1,1,-1,-1,-1,1,-1,1,-1,-1,1,-1,1,-1,1,NA,NA,NA,NA,NA,NA,NA,NA,NA,NA,NA,NA,1,1,1,-1,1,1,1,-1,1,1,1,1,1,1,1,1,-1,1,1,1,-1,1,1,1,1,1,1,-1,1,1,-1,-1,-1,-1,1,-1
"*failed to decode utf16*Zúñiga Jory, Luis Arturo",NA,NA,NA,NA,NA,NA,NA,NA,NA,NA,NA,NA,NA,NA,NA,NA,NA,NA,NA,NA,NA,NA,NA,NA,NA,NA,NA,NA,NA,NA,NA,NA,NA,NA,NA,NA,NA,NA,NA,NA,NA,NA,NA,NA,NA,NA,NA,NA,NA,NA,NA,NA,NA,NA,NA,NA,NA,NA,NA,NA,NA,NA,NA,NA,NA,NA,NA,NA,NA,NA,NA,NA,NA,NA,NA,NA,NA,NA,NA,NA,NA,NA,NA,NA,NA,NA,NA,NA,NA,NA,NA,NA,NA,NA,NA,NA,NA,1,-1,-1,1,-1,0,-1,-1,-1,-1,-1,1,NA,NA,NA,NA,NA,NA,NA,NA,NA,NA,NA,NA,NA,NA,NA,NA,NA,NA,NA,NA,NA,NA,NA,NA,NA,NA,NA,NA,NA,NA,NA,NA,NA,NA,NA,NA
